지점,지점명,일시,풍속(m/s)
90,속초,2024-12-10 01:00,.4
90,속초,2024-12-10 02:00,2.1
90,속초,2024-12-10 03:00,2.3
90,속초,2024-12-10 04:00,2.2
90,속초,2024-12-10 05:00,.7
90,속초,2024-12-10 06:00,1.1
90,속초,2024-12-10 07:00,.8
90,속초,2024-12-10 08:00,2.9
90,속초,2024-12-10 09:00,3.2
90,속초,2024-12-10 10:00,2.2
90,속초,2024-12-10 11:00,1.7
90,속초,2024-12-10 12:00,2.3
90,속초,2024-12-10 13:00,1.8
90,속초,2024-12-10 14:00,1.4
90,속초,2024-12-10 15:00,1.2
90,속초,2024-12-10 16:00,1.4
90,속초,2024-12-10 17:00,.8
90,속초,2024-12-10 18:00,1.5
90,속초,2024-12-10 19:00,1.9
90,속초,2024-12-10 20:00,2.4
90,속초,2024-12-10 21:00,2.7
90,속초,2024-12-10 22:00,1.9
90,속초,2024-12-10 23:00,1.9
90,속초,2024-12-11 00:00,2.7
93,북춘천,2024-12-10 01:00,.8
93,북춘천,2024-12-10 02:00,.3
93,북춘천,2024-12-10 03:00,0
93,북춘천,2024-12-10 04:00,0
93,북춘천,2024-12-10 05:00,0
93,북춘천,2024-12-10 06:00,.5
93,북춘천,2024-12-10 07:00,0
93,북춘천,2024-12-10 08:00,.2
93,북춘천,2024-12-10 09:00,0
93,북춘천,2024-12-10 10:00,.2
93,북춘천,2024-12-10 11:00,.4
93,북춘천,2024-12-10 12:00,.6
93,북춘천,2024-12-10 13:00,1.2
93,북춘천,2024-12-10 14:00,.9
93,북춘천,2024-12-10 15:00,1.2
93,북춘천,2024-12-10 16:00,.4
93,북춘천,2024-12-10 17:00,.9
93,북춘천,2024-12-10 18:00,.2
93,북춘천,2024-12-10 19:00,1.1
93,북춘천,2024-12-10 20:00,.1
93,북춘천,2024-12-10 21:00,.7
93,북춘천,2024-12-10 22:00,.5
93,북춘천,2024-12-10 23:00,.3
93,북춘천,2024-12-11 00:00,0
95,철원,2024-12-10 01:00,.3
95,철원,2024-12-10 02:00,.4
95,철원,2024-12-10 03:00,.3
95,철원,2024-12-10 04:00,.1
95,철원,2024-12-10 05:00,.1
95,철원,2024-12-10 06:00,.2
95,철원,2024-12-10 07:00,.8
95,철원,2024-12-10 08:00,0
95,철원,2024-12-10 09:00,.1
95,철원,2024-12-10 10:00,.2
95,철원,2024-12-10 11:00,.3
95,철원,2024-12-10 12:00,.4
95,철원,2024-12-10 13:00,1
95,철원,2024-12-10 14:00,2.1
95,철원,2024-12-10 15:00,2.3
95,철원,2024-12-10 16:00,.6
95,철원,2024-12-10 17:00,1.3
95,철원,2024-12-10 18:00,.3
95,철원,2024-12-10 19:00,.1
95,철원,2024-12-10 20:00,.6
95,철원,2024-12-10 21:00,.4
95,철원,2024-12-10 22:00,.7
95,철원,2024-12-10 23:00,.3
95,철원,2024-12-11 00:00,.4
98,동두천,2024-12-10 01:00,.4
98,동두천,2024-12-10 02:00,.3
98,동두천,2024-12-10 03:00,0
98,동두천,2024-12-10 04:00,.4
98,동두천,2024-12-10 05:00,.8
98,동두천,2024-12-10 06:00,.6
98,동두천,2024-12-10 07:00,.6
98,동두천,2024-12-10 08:00,.1
98,동두천,2024-12-10 09:00,.3
98,동두천,2024-12-10 10:00,.3
98,동두천,2024-12-10 11:00,.7
98,동두천,2024-12-10 12:00,.8
98,동두천,2024-12-10 13:00,1.1
98,동두천,2024-12-10 14:00,2.7
98,동두천,2024-12-10 15:00,1.7
98,동두천,2024-12-10 16:00,1.1
98,동두천,2024-12-10 17:00,.8
98,동두천,2024-12-10 18:00,.6
98,동두천,2024-12-10 19:00,.9
98,동두천,2024-12-10 20:00,.6
98,동두천,2024-12-10 21:00,.3
98,동두천,2024-12-10 22:00,.7
98,동두천,2024-12-10 23:00,.3
98,동두천,2024-12-11 00:00,.5
99,파주,2024-12-10 01:00,.1
99,파주,2024-12-10 02:00,.3
99,파주,2024-12-10 03:00,.2
99,파주,2024-12-10 04:00,.2
99,파주,2024-12-10 05:00,.1
99,파주,2024-12-10 06:00,.3
99,파주,2024-12-10 07:00,.1
99,파주,2024-12-10 08:00,.5
99,파주,2024-12-10 09:00,.4
99,파주,2024-12-10 10:00,.5
99,파주,2024-12-10 11:00,.6
99,파주,2024-12-10 12:00,1.1
99,파주,2024-12-10 13:00,2.2
99,파주,2024-12-10 14:00,2.7
99,파주,2024-12-10 15:00,1.7
99,파주,2024-12-10 16:00,.7
99,파주,2024-12-10 17:00,.5
99,파주,2024-12-10 18:00,.4
99,파주,2024-12-10 19:00,.1
99,파주,2024-12-10 20:00,.2
99,파주,2024-12-10 21:00,.9
99,파주,2024-12-10 22:00,.5
99,파주,2024-12-10 23:00,.7
99,파주,2024-12-11 00:00,.8
100,대관령,2024-12-10 01:00,1.9
100,대관령,2024-12-10 02:00,2.2
100,대관령,2024-12-10 03:00,3
100,대관령,2024-12-10 04:00,1.5
100,대관령,2024-12-10 05:00,1.2
100,대관령,2024-12-10 06:00,1.7
100,대관령,2024-12-10 07:00,2.3
100,대관령,2024-12-10 08:00,2.6
100,대관령,2024-12-10 09:00,2.8
100,대관령,2024-12-10 10:00,3.4
100,대관령,2024-12-10 11:00,3
100,대관령,2024-12-10 12:00,2.3
100,대관령,2024-12-10 13:00,3.1
100,대관령,2024-12-10 14:00,6
100,대관령,2024-12-10 15:00,5.9
100,대관령,2024-12-10 16:00,4.3
100,대관령,2024-12-10 17:00,1.9
100,대관령,2024-12-10 18:00,.6
100,대관령,2024-12-10 19:00,1.1
100,대관령,2024-12-10 20:00,.4
100,대관령,2024-12-10 21:00,1.3
100,대관령,2024-12-10 22:00,1.1
100,대관령,2024-12-10 23:00,1.7
100,대관령,2024-12-11 00:00,1.9
101,춘천,2024-12-10 01:00,.1
101,춘천,2024-12-10 02:00,.5
101,춘천,2024-12-10 03:00,1.3
101,춘천,2024-12-10 04:00,.2
101,춘천,2024-12-10 05:00,0
101,춘천,2024-12-10 06:00,0
101,춘천,2024-12-10 07:00,0
101,춘천,2024-12-10 08:00,.5
101,춘천,2024-12-10 09:00,0
101,춘천,2024-12-10 10:00,.3
101,춘천,2024-12-10 11:00,.3
101,춘천,2024-12-10 12:00,.5
101,춘천,2024-12-10 13:00,1.2
101,춘천,2024-12-10 14:00,1
101,춘천,2024-12-10 15:00,2.1
101,춘천,2024-12-10 16:00,.2
101,춘천,2024-12-10 17:00,1.1
101,춘천,2024-12-10 18:00,.7
101,춘천,2024-12-10 19:00,0
101,춘천,2024-12-10 20:00,.4
101,춘천,2024-12-10 21:00,.3
101,춘천,2024-12-10 22:00,.4
101,춘천,2024-12-10 23:00,.2
101,춘천,2024-12-11 00:00,1.5
102,백령도,2024-12-10 01:00,4
102,백령도,2024-12-10 02:00,1.3
102,백령도,2024-12-10 03:00,4.2
102,백령도,2024-12-10 04:00,2.1
102,백령도,2024-12-10 05:00,1.4
102,백령도,2024-12-10 06:00,3.3
102,백령도,2024-12-10 07:00,2.8
102,백령도,2024-12-10 08:00,2.9
102,백령도,2024-12-10 09:00,2.8
102,백령도,2024-12-10 10:00,2.3
102,백령도,2024-12-10 11:00,2.4
102,백령도,2024-12-10 12:00,1.4
102,백령도,2024-12-10 13:00,2.2
102,백령도,2024-12-10 14:00,4
102,백령도,2024-12-10 15:00,5.6
102,백령도,2024-12-10 16:00,2.1
102,백령도,2024-12-10 17:00,2.4
102,백령도,2024-12-10 18:00,1.7
102,백령도,2024-12-10 19:00,1.5
102,백령도,2024-12-10 20:00,1.7
102,백령도,2024-12-10 21:00,4.9
102,백령도,2024-12-10 22:00,6.9
102,백령도,2024-12-10 23:00,6.9
102,백령도,2024-12-11 00:00,8.2
104,북강릉,2024-12-10 01:00,.7
104,북강릉,2024-12-10 02:00,1.1
104,북강릉,2024-12-10 03:00,1
104,북강릉,2024-12-10 04:00,.9
104,북강릉,2024-12-10 05:00,.9
104,북강릉,2024-12-10 06:00,.8
104,북강릉,2024-12-10 07:00,1.3
104,북강릉,2024-12-10 08:00,1.8
104,북강릉,2024-12-10 09:00,.7
104,북강릉,2024-12-10 10:00,.9
104,북강릉,2024-12-10 11:00,1.2
104,북강릉,2024-12-10 12:00,.7
104,북강릉,2024-12-10 13:00,1.6
104,북강릉,2024-12-10 14:00,1.3
104,북강릉,2024-12-10 15:00,1.2
104,북강릉,2024-12-10 16:00,1.1
104,북강릉,2024-12-10 17:00,0
104,북강릉,2024-12-10 18:00,.6
104,북강릉,2024-12-10 19:00,.9
104,북강릉,2024-12-10 20:00,1.6
104,북강릉,2024-12-10 21:00,1.3
104,북강릉,2024-12-10 22:00,1
104,북강릉,2024-12-10 23:00,.8
104,북강릉,2024-12-11 00:00,1.4
105,강릉,2024-12-10 01:00,2.5
105,강릉,2024-12-10 02:00,2.6
105,강릉,2024-12-10 03:00,2.1
105,강릉,2024-12-10 04:00,2.5
105,강릉,2024-12-10 05:00,1.9
105,강릉,2024-12-10 06:00,2.4
105,강릉,2024-12-10 07:00,2.2
105,강릉,2024-12-10 08:00,1.7
105,강릉,2024-12-10 09:00,2.4
105,강릉,2024-12-10 10:00,1.9
105,강릉,2024-12-10 11:00,1.1
105,강릉,2024-12-10 12:00,.9
105,강릉,2024-12-10 13:00,2.1
105,강릉,2024-12-10 14:00,2.2
105,강릉,2024-12-10 15:00,1.7
105,강릉,2024-12-10 16:00,2.5
105,강릉,2024-12-10 17:00,0
105,강릉,2024-12-10 18:00,.6
105,강릉,2024-12-10 19:00,1.7
105,강릉,2024-12-10 20:00,2
105,강릉,2024-12-10 21:00,1.3
105,강릉,2024-12-10 22:00,1.9
105,강릉,2024-12-10 23:00,2.3
105,강릉,2024-12-11 00:00,2.8
106,동해,2024-12-10 01:00,1.9
106,동해,2024-12-10 02:00,2.7
106,동해,2024-12-10 03:00,1.4
106,동해,2024-12-10 04:00,2.9
106,동해,2024-12-10 05:00,1.8
106,동해,2024-12-10 06:00,1.2
106,동해,2024-12-10 07:00,1.4
106,동해,2024-12-10 08:00,1.8
106,동해,2024-12-10 09:00,1.4
106,동해,2024-12-10 10:00,1.3
106,동해,2024-12-10 11:00,1.9
106,동해,2024-12-10 12:00,2.4
106,동해,2024-12-10 13:00,3.2
106,동해,2024-12-10 14:00,2.9
106,동해,2024-12-10 15:00,2.2
106,동해,2024-12-10 16:00,2.9
106,동해,2024-12-10 17:00,2.2
106,동해,2024-12-10 18:00,2.3
106,동해,2024-12-10 19:00,2.4
106,동해,2024-12-10 20:00,2.1
106,동해,2024-12-10 21:00,2.1
106,동해,2024-12-10 22:00,2.2
106,동해,2024-12-10 23:00,2.1
106,동해,2024-12-11 00:00,2
108,서울,2024-12-10 01:00,2.1
108,서울,2024-12-10 02:00,2.3
108,서울,2024-12-10 03:00,.3
108,서울,2024-12-10 04:00,2.5
108,서울,2024-12-10 05:00,1.9
108,서울,2024-12-10 06:00,.6
108,서울,2024-12-10 07:00,.4
108,서울,2024-12-10 08:00,1.7
108,서울,2024-12-10 09:00,1.9
108,서울,2024-12-10 10:00,2.3
108,서울,2024-12-10 11:00,.9
108,서울,2024-12-10 12:00,2.4
108,서울,2024-12-10 13:00,3.7
108,서울,2024-12-10 14:00,3.6
108,서울,2024-12-10 15:00,3.3
108,서울,2024-12-10 16:00,2.4
108,서울,2024-12-10 17:00,2
108,서울,2024-12-10 18:00,1.4
108,서울,2024-12-10 19:00,1.9
108,서울,2024-12-10 20:00,2.1
108,서울,2024-12-10 21:00,2.4
108,서울,2024-12-10 22:00,1.8
108,서울,2024-12-10 23:00,2
108,서울,2024-12-11 00:00,1.4
112,인천,2024-12-10 01:00,2.3
112,인천,2024-12-10 02:00,1.7
112,인천,2024-12-10 03:00,2.3
112,인천,2024-12-10 04:00,2.5
112,인천,2024-12-10 05:00,2.7
112,인천,2024-12-10 06:00,2.3
112,인천,2024-12-10 07:00,1.8
112,인천,2024-12-10 08:00,1
112,인천,2024-12-10 09:00,1.1
112,인천,2024-12-10 10:00,.6
112,인천,2024-12-10 11:00,1.6
112,인천,2024-12-10 12:00,1.9
112,인천,2024-12-10 13:00,1.6
112,인천,2024-12-10 14:00,3.1
112,인천,2024-12-10 15:00,5
112,인천,2024-12-10 16:00,3.2
112,인천,2024-12-10 17:00,2.7
112,인천,2024-12-10 18:00,1.9
112,인천,2024-12-10 19:00,1.2
112,인천,2024-12-10 20:00,2.2
112,인천,2024-12-10 21:00,2.8
112,인천,2024-12-10 22:00,1.9
112,인천,2024-12-10 23:00,2.3
112,인천,2024-12-11 00:00,1.9
114,원주,2024-12-10 01:00,0
114,원주,2024-12-10 02:00,.5
114,원주,2024-12-10 03:00,.2
114,원주,2024-12-10 04:00,.2
114,원주,2024-12-10 05:00,.2
114,원주,2024-12-10 06:00,.1
114,원주,2024-12-10 07:00,.5
114,원주,2024-12-10 08:00,.2
114,원주,2024-12-10 09:00,.4
114,원주,2024-12-10 10:00,.8
114,원주,2024-12-10 11:00,.5
114,원주,2024-12-10 12:00,.5
114,원주,2024-12-10 13:00,1.4
114,원주,2024-12-10 14:00,2.2
114,원주,2024-12-10 15:00,1.4
114,원주,2024-12-10 16:00,1
114,원주,2024-12-10 17:00,.1
114,원주,2024-12-10 18:00,.6
114,원주,2024-12-10 19:00,.5
114,원주,2024-12-10 20:00,0
114,원주,2024-12-10 21:00,.3
114,원주,2024-12-10 22:00,.3
114,원주,2024-12-10 23:00,.2
114,원주,2024-12-11 00:00,.2
115,울릉도,2024-12-10 01:00,.6
115,울릉도,2024-12-10 02:00,2.9
115,울릉도,2024-12-10 03:00,.9
115,울릉도,2024-12-10 04:00,1.1
115,울릉도,2024-12-10 05:00,1.8
115,울릉도,2024-12-10 06:00,1.1
115,울릉도,2024-12-10 07:00,2.1
115,울릉도,2024-12-10 08:00,.8
115,울릉도,2024-12-10 09:00,1.6
115,울릉도,2024-12-10 10:00,2.4
115,울릉도,2024-12-10 11:00,1.6
115,울릉도,2024-12-10 12:00,2.7
115,울릉도,2024-12-10 13:00,2.3
115,울릉도,2024-12-10 14:00,2.5
115,울릉도,2024-12-10 15:00,1.4
115,울릉도,2024-12-10 16:00,3.1
115,울릉도,2024-12-10 17:00,2.3
115,울릉도,2024-12-10 18:00,2.4
115,울릉도,2024-12-10 19:00,1.2
115,울릉도,2024-12-10 20:00,1
115,울릉도,2024-12-10 21:00,2.7
115,울릉도,2024-12-10 22:00,4.1
115,울릉도,2024-12-10 23:00,5.7
115,울릉도,2024-12-11 00:00,4.5
119,수원,2024-12-10 01:00,.6
119,수원,2024-12-10 02:00,.6
119,수원,2024-12-10 03:00,1
119,수원,2024-12-10 04:00,1.5
119,수원,2024-12-10 05:00,1.5
119,수원,2024-12-10 06:00,.4
119,수원,2024-12-10 07:00,.4
119,수원,2024-12-10 08:00,.6
119,수원,2024-12-10 09:00,.2
119,수원,2024-12-10 10:00,1.7
119,수원,2024-12-10 11:00,1.5
119,수원,2024-12-10 12:00,1.1
119,수원,2024-12-10 13:00,2.6
119,수원,2024-12-10 14:00,3.3
119,수원,2024-12-10 15:00,3.4
119,수원,2024-12-10 16:00,2.5
119,수원,2024-12-10 17:00,1.2
119,수원,2024-12-10 18:00,1.1
119,수원,2024-12-10 19:00,.7
119,수원,2024-12-10 20:00,1
119,수원,2024-12-10 21:00,1.1
119,수원,2024-12-10 22:00,1.2
119,수원,2024-12-10 23:00,1
119,수원,2024-12-11 00:00,.8
121,영월,2024-12-10 01:00,0
121,영월,2024-12-10 02:00,.6
121,영월,2024-12-10 03:00,.2
121,영월,2024-12-10 04:00,.2
121,영월,2024-12-10 05:00,.3
121,영월,2024-12-10 06:00,1.1
121,영월,2024-12-10 07:00,.1
121,영월,2024-12-10 08:00,0
121,영월,2024-12-10 09:00,.5
121,영월,2024-12-10 10:00,.9
121,영월,2024-12-10 11:00,1
121,영월,2024-12-10 12:00,1
121,영월,2024-12-10 13:00,1.8
121,영월,2024-12-10 14:00,2.6
121,영월,2024-12-10 15:00,.6
121,영월,2024-12-10 16:00,1.1
121,영월,2024-12-10 17:00,.3
121,영월,2024-12-10 18:00,.4
121,영월,2024-12-10 19:00,.1
121,영월,2024-12-10 20:00,.1
121,영월,2024-12-10 21:00,0
121,영월,2024-12-10 22:00,.4
121,영월,2024-12-10 23:00,.5
121,영월,2024-12-11 00:00,.1
127,충주,2024-12-10 01:00,.8
127,충주,2024-12-10 02:00,.7
127,충주,2024-12-10 03:00,.7
127,충주,2024-12-10 04:00,.2
127,충주,2024-12-10 05:00,.3
127,충주,2024-12-10 06:00,.4
127,충주,2024-12-10 07:00,1
127,충주,2024-12-10 08:00,.4
127,충주,2024-12-10 09:00,.1
127,충주,2024-12-10 10:00,.2
127,충주,2024-12-10 11:00,.4
127,충주,2024-12-10 12:00,.9
127,충주,2024-12-10 13:00,2.2
127,충주,2024-12-10 14:00,2.1
127,충주,2024-12-10 15:00,2.5
127,충주,2024-12-10 16:00,1.4
127,충주,2024-12-10 17:00,.6
127,충주,2024-12-10 18:00,1.8
127,충주,2024-12-10 19:00,.9
127,충주,2024-12-10 20:00,.1
127,충주,2024-12-10 21:00,.4
127,충주,2024-12-10 22:00,.1
127,충주,2024-12-10 23:00,1.3
127,충주,2024-12-11 00:00,.9
129,서산,2024-12-10 01:00,.7
129,서산,2024-12-10 02:00,.5
129,서산,2024-12-10 03:00,.6
129,서산,2024-12-10 04:00,.5
129,서산,2024-12-10 05:00,1.4
129,서산,2024-12-10 06:00,.7
129,서산,2024-12-10 07:00,.5
129,서산,2024-12-10 08:00,.1
129,서산,2024-12-10 09:00,.2
129,서산,2024-12-10 10:00,.2
129,서산,2024-12-10 11:00,.9
129,서산,2024-12-10 12:00,1.5
129,서산,2024-12-10 13:00,2
129,서산,2024-12-10 14:00,2.9
129,서산,2024-12-10 15:00,2
129,서산,2024-12-10 16:00,2.1
129,서산,2024-12-10 17:00,1.5
129,서산,2024-12-10 18:00,.4
129,서산,2024-12-10 19:00,.7
129,서산,2024-12-10 20:00,.3
129,서산,2024-12-10 21:00,.5
129,서산,2024-12-10 22:00,.7
129,서산,2024-12-10 23:00,.3
129,서산,2024-12-11 00:00,.5
130,울진,2024-12-10 01:00,2.8
130,울진,2024-12-10 02:00,2.4
130,울진,2024-12-10 03:00,2.8
130,울진,2024-12-10 04:00,2.6
130,울진,2024-12-10 05:00,1.7
130,울진,2024-12-10 06:00,2.6
130,울진,2024-12-10 07:00,2.6
130,울진,2024-12-10 08:00,2.8
130,울진,2024-12-10 09:00,3.6
130,울진,2024-12-10 10:00,2.6
130,울진,2024-12-10 11:00,.8
130,울진,2024-12-10 12:00,2.2
130,울진,2024-12-10 13:00,2.8
130,울진,2024-12-10 14:00,2.3
130,울진,2024-12-10 15:00,2.6
130,울진,2024-12-10 16:00,1.5
130,울진,2024-12-10 17:00,1.7
130,울진,2024-12-10 18:00,1.4
130,울진,2024-12-10 19:00,1.3
130,울진,2024-12-10 20:00,1.4
130,울진,2024-12-10 21:00,2.5
130,울진,2024-12-10 22:00,3.4
130,울진,2024-12-10 23:00,3.1
130,울진,2024-12-11 00:00,2
131,청주,2024-12-10 01:00,1.5
131,청주,2024-12-10 02:00,.2
131,청주,2024-12-10 03:00,1.2
131,청주,2024-12-10 04:00,.6
131,청주,2024-12-10 05:00,.5
131,청주,2024-12-10 06:00,.7
131,청주,2024-12-10 07:00,.1
131,청주,2024-12-10 08:00,.2
131,청주,2024-12-10 09:00,.4
131,청주,2024-12-10 10:00,.5
131,청주,2024-12-10 11:00,.7
131,청주,2024-12-10 12:00,2.2
131,청주,2024-12-10 13:00,2.1
131,청주,2024-12-10 14:00,2.5
131,청주,2024-12-10 15:00,2.1
131,청주,2024-12-10 16:00,1.4
131,청주,2024-12-10 17:00,1.4
131,청주,2024-12-10 18:00,1.5
131,청주,2024-12-10 19:00,1.4
131,청주,2024-12-10 20:00,1.2
131,청주,2024-12-10 21:00,.7
131,청주,2024-12-10 22:00,.7
131,청주,2024-12-10 23:00,.9
131,청주,2024-12-11 00:00,.4
133,대전,2024-12-10 01:00,.5
133,대전,2024-12-10 02:00,.5
133,대전,2024-12-10 03:00,1.4
133,대전,2024-12-10 04:00,1
133,대전,2024-12-10 05:00,.8
133,대전,2024-12-10 06:00,.5
133,대전,2024-12-10 07:00,.6
133,대전,2024-12-10 08:00,1
133,대전,2024-12-10 09:00,1.1
133,대전,2024-12-10 10:00,.5
133,대전,2024-12-10 11:00,2.4
133,대전,2024-12-10 12:00,3
133,대전,2024-12-10 13:00,2.6
133,대전,2024-12-10 14:00,3
133,대전,2024-12-10 15:00,4.1
133,대전,2024-12-10 16:00,3.2
133,대전,2024-12-10 17:00,1.6
133,대전,2024-12-10 18:00,1.1
133,대전,2024-12-10 19:00,1.3
133,대전,2024-12-10 20:00,1.3
133,대전,2024-12-10 21:00,.9
133,대전,2024-12-10 22:00,.7
133,대전,2024-12-10 23:00,1.5
133,대전,2024-12-11 00:00,.9
135,추풍령,2024-12-10 01:00,1.8
135,추풍령,2024-12-10 02:00,2.2
135,추풍령,2024-12-10 03:00,1.2
135,추풍령,2024-12-10 04:00,1.4
135,추풍령,2024-12-10 05:00,.9
135,추풍령,2024-12-10 06:00,2.3
135,추풍령,2024-12-10 07:00,2.4
135,추풍령,2024-12-10 08:00,1.6
135,추풍령,2024-12-10 09:00,4.3
135,추풍령,2024-12-10 10:00,4.4
135,추풍령,2024-12-10 11:00,7.1
135,추풍령,2024-12-10 12:00,6.4
135,추풍령,2024-12-10 13:00,6.6
135,추풍령,2024-12-10 14:00,5.4
135,추풍령,2024-12-10 15:00,5.8
135,추풍령,2024-12-10 16:00,4.1
135,추풍령,2024-12-10 17:00,4.4
135,추풍령,2024-12-10 18:00,4
135,추풍령,2024-12-10 19:00,1.4
135,추풍령,2024-12-10 20:00,3.8
135,추풍령,2024-12-10 21:00,1.8
135,추풍령,2024-12-10 22:00,3.2
135,추풍령,2024-12-10 23:00,2.6
135,추풍령,2024-12-11 00:00,3.2
136,안동,2024-12-10 01:00,1.2
136,안동,2024-12-10 02:00,.2
136,안동,2024-12-10 03:00,.2
136,안동,2024-12-10 04:00,0
136,안동,2024-12-10 05:00,0
136,안동,2024-12-10 06:00,.5
136,안동,2024-12-10 07:00,0
136,안동,2024-12-10 08:00,.1
136,안동,2024-12-10 09:00,.5
136,안동,2024-12-10 10:00,.6
136,안동,2024-12-10 11:00,.7
136,안동,2024-12-10 12:00,2
136,안동,2024-12-10 13:00,4
136,안동,2024-12-10 14:00,3.2
136,안동,2024-12-10 15:00,2.9
136,안동,2024-12-10 16:00,2.2
136,안동,2024-12-10 17:00,1.9
136,안동,2024-12-10 18:00,1.4
136,안동,2024-12-10 19:00,.1
136,안동,2024-12-10 20:00,.6
136,안동,2024-12-10 21:00,.9
136,안동,2024-12-10 22:00,.4
136,안동,2024-12-10 23:00,.1
136,안동,2024-12-11 00:00,.1
137,상주,2024-12-10 01:00,.5
137,상주,2024-12-10 02:00,.6
137,상주,2024-12-10 03:00,.5
137,상주,2024-12-10 04:00,.9
137,상주,2024-12-10 05:00,.9
137,상주,2024-12-10 06:00,2.2
137,상주,2024-12-10 07:00,2.6
137,상주,2024-12-10 08:00,2.3
137,상주,2024-12-10 09:00,2.5
137,상주,2024-12-10 10:00,2.6
137,상주,2024-12-10 11:00,2.4
137,상주,2024-12-10 12:00,3.2
137,상주,2024-12-10 13:00,2.9
137,상주,2024-12-10 14:00,1.7
137,상주,2024-12-10 15:00,1.5
137,상주,2024-12-10 16:00,2.8
137,상주,2024-12-10 17:00,2.6
137,상주,2024-12-10 18:00,1.7
137,상주,2024-12-10 19:00,.6
137,상주,2024-12-10 20:00,1.7
137,상주,2024-12-10 21:00,1.7
137,상주,2024-12-10 22:00,1.6
137,상주,2024-12-10 23:00,1.4
137,상주,2024-12-11 00:00,1.8
138,포항,2024-12-10 01:00,2.9
138,포항,2024-12-10 02:00,2.7
138,포항,2024-12-10 03:00,2.9
138,포항,2024-12-10 04:00,2.5
138,포항,2024-12-10 05:00,2.3
138,포항,2024-12-10 06:00,2
138,포항,2024-12-10 07:00,1.6
138,포항,2024-12-10 08:00,2.2
138,포항,2024-12-10 09:00,2.3
138,포항,2024-12-10 10:00,2.3
138,포항,2024-12-10 11:00,2.4
138,포항,2024-12-10 12:00,3.3
138,포항,2024-12-10 13:00,2.2
138,포항,2024-12-10 14:00,2.9
138,포항,2024-12-10 15:00,2
138,포항,2024-12-10 16:00,2
138,포항,2024-12-10 17:00,1.6
138,포항,2024-12-10 18:00,2.3
138,포항,2024-12-10 19:00,1.7
138,포항,2024-12-10 20:00,2.3
138,포항,2024-12-10 21:00,2.2
138,포항,2024-12-10 22:00,1.5
138,포항,2024-12-10 23:00,.7
138,포항,2024-12-11 00:00,1.7
140,군산,2024-12-10 01:00,.7
140,군산,2024-12-10 02:00,.7
140,군산,2024-12-10 03:00,.9
140,군산,2024-12-10 04:00,1.1
140,군산,2024-12-10 05:00,1.4
140,군산,2024-12-10 06:00,.5
140,군산,2024-12-10 07:00,.6
140,군산,2024-12-10 08:00,.2
140,군산,2024-12-10 09:00,.8
140,군산,2024-12-10 10:00,1.4
140,군산,2024-12-10 11:00,1.9
140,군산,2024-12-10 12:00,1.5
140,군산,2024-12-10 13:00,2.8
140,군산,2024-12-10 14:00,3
140,군산,2024-12-10 15:00,2.3
140,군산,2024-12-10 16:00,.7
140,군산,2024-12-10 17:00,1.2
140,군산,2024-12-10 18:00,.5
140,군산,2024-12-10 19:00,.5
140,군산,2024-12-10 20:00,.3
140,군산,2024-12-10 21:00,.6
140,군산,2024-12-10 22:00,1.8
140,군산,2024-12-10 23:00,.2
140,군산,2024-12-11 00:00,.5
143,대구,2024-12-10 01:00,.3
143,대구,2024-12-10 02:00,.9
143,대구,2024-12-10 03:00,.6
143,대구,2024-12-10 04:00,1.1
143,대구,2024-12-10 05:00,1.2
143,대구,2024-12-10 06:00,2.6
143,대구,2024-12-10 07:00,2.5
143,대구,2024-12-10 08:00,3.2
143,대구,2024-12-10 09:00,4.1
143,대구,2024-12-10 10:00,4.4
143,대구,2024-12-10 11:00,3.6
143,대구,2024-12-10 12:00,4
143,대구,2024-12-10 13:00,3.8
143,대구,2024-12-10 14:00,3.7
143,대구,2024-12-10 15:00,3.1
143,대구,2024-12-10 16:00,3.1
143,대구,2024-12-10 17:00,2.1
143,대구,2024-12-10 18:00,1.3
143,대구,2024-12-10 19:00,1.3
143,대구,2024-12-10 20:00,1.7
143,대구,2024-12-10 21:00,.7
143,대구,2024-12-10 22:00,1.6
143,대구,2024-12-10 23:00,.9
143,대구,2024-12-11 00:00,.9
146,전주,2024-12-10 01:00,1.1
146,전주,2024-12-10 02:00,.5
146,전주,2024-12-10 03:00,.2
146,전주,2024-12-10 04:00,1.4
146,전주,2024-12-10 05:00,1
146,전주,2024-12-10 06:00,1
146,전주,2024-12-10 07:00,.1
146,전주,2024-12-10 08:00,1
146,전주,2024-12-10 09:00,.7
146,전주,2024-12-10 10:00,1.5
146,전주,2024-12-10 11:00,1.3
146,전주,2024-12-10 12:00,2.5
146,전주,2024-12-10 13:00,3.3
146,전주,2024-12-10 14:00,3.7
146,전주,2024-12-10 15:00,2.8
146,전주,2024-12-10 16:00,2.1
146,전주,2024-12-10 17:00,1.9
146,전주,2024-12-10 18:00,1.5
146,전주,2024-12-10 19:00,1.8
146,전주,2024-12-10 20:00,.9
146,전주,2024-12-10 21:00,.9
146,전주,2024-12-10 22:00,.5
146,전주,2024-12-10 23:00,.6
146,전주,2024-12-11 00:00,.9
152,울산,2024-12-10 01:00,.8
152,울산,2024-12-10 02:00,1.2
152,울산,2024-12-10 03:00,1.4
152,울산,2024-12-10 04:00,2.2
152,울산,2024-12-10 05:00,1.3
152,울산,2024-12-10 06:00,2.9
152,울산,2024-12-10 07:00,3.6
152,울산,2024-12-10 08:00,1.1
152,울산,2024-12-10 09:00,1.6
152,울산,2024-12-10 10:00,3.3
152,울산,2024-12-10 11:00,2.2
152,울산,2024-12-10 12:00,1.9
152,울산,2024-12-10 13:00,2.4
152,울산,2024-12-10 14:00,2.7
152,울산,2024-12-10 15:00,2
152,울산,2024-12-10 16:00,1.8
152,울산,2024-12-10 17:00,2
152,울산,2024-12-10 18:00,2.9
152,울산,2024-12-10 19:00,1.7
152,울산,2024-12-10 20:00,2.5
152,울산,2024-12-10 21:00,2.1
152,울산,2024-12-10 22:00,1.5
152,울산,2024-12-10 23:00,2.3
152,울산,2024-12-11 00:00,2.6
155,창원,2024-12-10 01:00,.9
155,창원,2024-12-10 02:00,1.1
155,창원,2024-12-10 03:00,.9
155,창원,2024-12-10 04:00,1.4
155,창원,2024-12-10 05:00,1.4
155,창원,2024-12-10 06:00,1.7
155,창원,2024-12-10 07:00,1.2
155,창원,2024-12-10 08:00,1.5
155,창원,2024-12-10 09:00,2.4
155,창원,2024-12-10 10:00,3.2
155,창원,2024-12-10 11:00,3.3
155,창원,2024-12-10 12:00,5.8
155,창원,2024-12-10 13:00,3
155,창원,2024-12-10 14:00,3.4
155,창원,2024-12-10 15:00,1.7
155,창원,2024-12-10 16:00,2.1
155,창원,2024-12-10 17:00,1.1
155,창원,2024-12-10 18:00,1
155,창원,2024-12-10 19:00,1.3
155,창원,2024-12-10 20:00,.8
155,창원,2024-12-10 21:00,1.2
155,창원,2024-12-10 22:00,1.4
155,창원,2024-12-10 23:00,1.7
155,창원,2024-12-11 00:00,1
156,광주,2024-12-10 01:00,.5
156,광주,2024-12-10 02:00,.1
156,광주,2024-12-10 03:00,0
156,광주,2024-12-10 04:00,0
156,광주,2024-12-10 05:00,1.8
156,광주,2024-12-10 06:00,.1
156,광주,2024-12-10 07:00,.3
156,광주,2024-12-10 08:00,.5
156,광주,2024-12-10 09:00,1.8
156,광주,2024-12-10 10:00,2.2
156,광주,2024-12-10 11:00,3.1
156,광주,2024-12-10 12:00,2
156,광주,2024-12-10 13:00,2.5
156,광주,2024-12-10 14:00,2
156,광주,2024-12-10 15:00,2.5
156,광주,2024-12-10 16:00,1.7
156,광주,2024-12-10 17:00,2
156,광주,2024-12-10 18:00,1.6
156,광주,2024-12-10 19:00,1.2
156,광주,2024-12-10 20:00,1.1
156,광주,2024-12-10 21:00,.7
156,광주,2024-12-10 22:00,.6
156,광주,2024-12-10 23:00,1
156,광주,2024-12-11 00:00,.4
159,부산,2024-12-10 01:00,2.6
159,부산,2024-12-10 02:00,2
159,부산,2024-12-10 03:00,1.5
159,부산,2024-12-10 04:00,3.6
159,부산,2024-12-10 05:00,3.1
159,부산,2024-12-10 06:00,1.5
159,부산,2024-12-10 07:00,3
159,부산,2024-12-10 08:00,2.5
159,부산,2024-12-10 09:00,4.4
159,부산,2024-12-10 10:00,4.3
159,부산,2024-12-10 11:00,3.7
159,부산,2024-12-10 12:00,2.6
159,부산,2024-12-10 13:00,3.1
159,부산,2024-12-10 14:00,2.6
159,부산,2024-12-10 15:00,2.7
159,부산,2024-12-10 16:00,2.2
159,부산,2024-12-10 17:00,2.1
159,부산,2024-12-10 18:00,2.7
159,부산,2024-12-10 19:00,2.9
159,부산,2024-12-10 20:00,2.1
159,부산,2024-12-10 21:00,1.9
159,부산,2024-12-10 22:00,2.5
159,부산,2024-12-10 23:00,3.1
159,부산,2024-12-11 00:00,2.4
162,통영,2024-12-10 01:00,1.1
162,통영,2024-12-10 02:00,2
162,통영,2024-12-10 03:00,1.2
162,통영,2024-12-10 04:00,1.5
162,통영,2024-12-10 05:00,2.4
162,통영,2024-12-10 06:00,1.7
162,통영,2024-12-10 07:00,2.5
162,통영,2024-12-10 08:00,2.3
162,통영,2024-12-10 09:00,1.8
162,통영,2024-12-10 10:00,3
162,통영,2024-12-10 11:00,3.6
162,통영,2024-12-10 12:00,2.3
162,통영,2024-12-10 13:00,1.9
162,통영,2024-12-10 14:00,2
162,통영,2024-12-10 15:00,1.5
162,통영,2024-12-10 16:00,1.2
162,통영,2024-12-10 17:00,.5
162,통영,2024-12-10 18:00,.6
162,통영,2024-12-10 19:00,.6
162,통영,2024-12-10 20:00,1.8
162,통영,2024-12-10 21:00,1.1
162,통영,2024-12-10 22:00,1.3
162,통영,2024-12-10 23:00,1.4
162,통영,2024-12-11 00:00,1.5
165,목포,2024-12-10 01:00,1.2
165,목포,2024-12-10 02:00,1.8
165,목포,2024-12-10 03:00,2
165,목포,2024-12-10 04:00,1.9
165,목포,2024-12-10 05:00,2.3
165,목포,2024-12-10 06:00,3.3
165,목포,2024-12-10 07:00,3
165,목포,2024-12-10 08:00,3.3
165,목포,2024-12-10 09:00,3.2
165,목포,2024-12-10 10:00,2.4
165,목포,2024-12-10 11:00,4.9
165,목포,2024-12-10 12:00,4.9
165,목포,2024-12-10 13:00,6
165,목포,2024-12-10 14:00,6.3
165,목포,2024-12-10 15:00,7.8
165,목포,2024-12-10 16:00,6.5
165,목포,2024-12-10 17:00,7
165,목포,2024-12-10 18:00,4.9
165,목포,2024-12-10 19:00,3.4
165,목포,2024-12-10 20:00,2.8
165,목포,2024-12-10 21:00,3
165,목포,2024-12-10 22:00,1.6
165,목포,2024-12-10 23:00,3.2
165,목포,2024-12-11 00:00,2.8
168,여수,2024-12-10 01:00,1.8
168,여수,2024-12-10 02:00,1.3
168,여수,2024-12-10 03:00,2.7
168,여수,2024-12-10 04:00,1.1
168,여수,2024-12-10 05:00,2.7
168,여수,2024-12-10 06:00,4.3
168,여수,2024-12-10 07:00,1.3
168,여수,2024-12-10 08:00,2.7
168,여수,2024-12-10 09:00,2.5
168,여수,2024-12-10 10:00,3.5
168,여수,2024-12-10 11:00,2.3
168,여수,2024-12-10 12:00,1.9
168,여수,2024-12-10 13:00,1.6
168,여수,2024-12-10 14:00,2.5
168,여수,2024-12-10 15:00,2
168,여수,2024-12-10 16:00,3.5
168,여수,2024-12-10 17:00,3
168,여수,2024-12-10 18:00,4.3
168,여수,2024-12-10 19:00,5.5
168,여수,2024-12-10 20:00,0
168,여수,2024-12-10 21:00,.4
168,여수,2024-12-10 22:00,.7
168,여수,2024-12-10 23:00,2.6
168,여수,2024-12-11 00:00,.1
169,흑산도,2024-12-10 01:00,5.2
169,흑산도,2024-12-10 02:00,5.1
169,흑산도,2024-12-10 03:00,4.6
169,흑산도,2024-12-10 04:00,5.6
169,흑산도,2024-12-10 05:00,5.8
169,흑산도,2024-12-10 06:00,7.2
169,흑산도,2024-12-10 07:00,7.4
169,흑산도,2024-12-10 08:00,5.1
169,흑산도,2024-12-10 09:00,5.6
169,흑산도,2024-12-10 10:00,6
169,흑산도,2024-12-10 11:00,6.1
169,흑산도,2024-12-10 12:00,7.9
169,흑산도,2024-12-10 13:00,6.8
169,흑산도,2024-12-10 14:00,7.6
169,흑산도,2024-12-10 15:00,6.6
169,흑산도,2024-12-10 16:00,6.9
169,흑산도,2024-12-10 17:00,6
169,흑산도,2024-12-10 18:00,4.4
169,흑산도,2024-12-10 19:00,3
169,흑산도,2024-12-10 20:00,3.8
169,흑산도,2024-12-10 21:00,6
169,흑산도,2024-12-10 22:00,5.2
169,흑산도,2024-12-10 23:00,7.3
169,흑산도,2024-12-11 00:00,8.3
170,완도,2024-12-10 01:00,1.4
170,완도,2024-12-10 02:00,.9
170,완도,2024-12-10 03:00,2.6
170,완도,2024-12-10 04:00,2.4
170,완도,2024-12-10 05:00,1.5
170,완도,2024-12-10 06:00,1.3
170,완도,2024-12-10 07:00,2
170,완도,2024-12-10 08:00,2.3
170,완도,2024-12-10 09:00,3.6
170,완도,2024-12-10 10:00,1.8
170,완도,2024-12-10 11:00,2.4
170,완도,2024-12-10 12:00,2.9
170,완도,2024-12-10 13:00,3.8
170,완도,2024-12-10 14:00,2.9
170,완도,2024-12-10 15:00,2.2
170,완도,2024-12-10 16:00,2.7
170,완도,2024-12-10 17:00,1.9
170,완도,2024-12-10 18:00,1.6
170,완도,2024-12-10 19:00,1.4
170,완도,2024-12-10 20:00,1.2
170,완도,2024-12-10 21:00,1.4
170,완도,2024-12-10 22:00,1.6
170,완도,2024-12-10 23:00,1.1
170,완도,2024-12-11 00:00,.4
172,고창,2024-12-10 01:00,.1
172,고창,2024-12-10 02:00,1.3
172,고창,2024-12-10 03:00,1.4
172,고창,2024-12-10 04:00,2.1
172,고창,2024-12-10 05:00,.9
172,고창,2024-12-10 06:00,2.2
172,고창,2024-12-10 07:00,2.4
172,고창,2024-12-10 08:00,3.2
172,고창,2024-12-10 09:00,4.9
172,고창,2024-12-10 10:00,6
172,고창,2024-12-10 11:00,6.9
172,고창,2024-12-10 12:00,6.2
172,고창,2024-12-10 13:00,5.6
172,고창,2024-12-10 14:00,5.6
172,고창,2024-12-10 15:00,4.9
172,고창,2024-12-10 16:00,4.9
172,고창,2024-12-10 17:00,4.7
172,고창,2024-12-10 18:00,2.4
172,고창,2024-12-10 19:00,1.5
172,고창,2024-12-10 20:00,1.2
172,고창,2024-12-10 21:00,1.2
172,고창,2024-12-10 22:00,.7
172,고창,2024-12-10 23:00,2
172,고창,2024-12-11 00:00,1.2
174,순천,2024-12-10 01:00,.1
174,순천,2024-12-10 02:00,.8
174,순천,2024-12-10 03:00,.9
174,순천,2024-12-10 04:00,2.6
174,순천,2024-12-10 05:00,3.5
174,순천,2024-12-10 06:00,2.1
174,순천,2024-12-10 07:00,2.5
174,순천,2024-12-10 08:00,1.8
174,순천,2024-12-10 09:00,3.1
174,순천,2024-12-10 10:00,2.7
174,순천,2024-12-10 11:00,3.8
174,순천,2024-12-10 12:00,5.4
174,순천,2024-12-10 13:00,4.1
174,순천,2024-12-10 14:00,3.9
174,순천,2024-12-10 15:00,3.5
174,순천,2024-12-10 16:00,4.1
174,순천,2024-12-10 17:00,3
174,순천,2024-12-10 18:00,2.3
174,순천,2024-12-10 19:00,.5
174,순천,2024-12-10 20:00,.6
174,순천,2024-12-10 21:00,.1
174,순천,2024-12-10 22:00,.4
174,순천,2024-12-10 23:00,.1
174,순천,2024-12-11 00:00,.1
177,홍성,2024-12-10 01:00,.7
177,홍성,2024-12-10 02:00,.4
177,홍성,2024-12-10 03:00,.3
177,홍성,2024-12-10 04:00,.7
177,홍성,2024-12-10 05:00,.8
177,홍성,2024-12-10 06:00,.1
177,홍성,2024-12-10 07:00,.1
177,홍성,2024-12-10 08:00,0
177,홍성,2024-12-10 09:00,.5
177,홍성,2024-12-10 10:00,.5
177,홍성,2024-12-10 11:00,2
177,홍성,2024-12-10 12:00,1.1
177,홍성,2024-12-10 13:00,2.6
177,홍성,2024-12-10 14:00,3.2
177,홍성,2024-12-10 15:00,3.7
177,홍성,2024-12-10 16:00,3.5
177,홍성,2024-12-10 17:00,.7
177,홍성,2024-12-10 18:00,1.4
177,홍성,2024-12-10 19:00,.8
177,홍성,2024-12-10 20:00,.9
177,홍성,2024-12-10 21:00,.8
177,홍성,2024-12-10 22:00,.7
177,홍성,2024-12-10 23:00,1.7
177,홍성,2024-12-11 00:00,1.3
181,서청주,2024-12-10 01:00,.8
181,서청주,2024-12-10 02:00,0
181,서청주,2024-12-10 03:00,.5
181,서청주,2024-12-10 04:00,.1
181,서청주,2024-12-10 05:00,0
181,서청주,2024-12-10 06:00,0
181,서청주,2024-12-10 07:00,.5
181,서청주,2024-12-10 08:00,0
181,서청주,2024-12-10 09:00,.5
181,서청주,2024-12-10 10:00,.3
181,서청주,2024-12-10 11:00,1.2
181,서청주,2024-12-10 12:00,1.6
181,서청주,2024-12-10 13:00,5.4
181,서청주,2024-12-10 14:00,4
181,서청주,2024-12-10 15:00,3.4
181,서청주,2024-12-10 16:00,3
181,서청주,2024-12-10 17:00,2.2
181,서청주,2024-12-10 18:00,1.2
181,서청주,2024-12-10 19:00,1.3
181,서청주,2024-12-10 20:00,2.1
181,서청주,2024-12-10 21:00,1.9
181,서청주,2024-12-10 22:00,0
181,서청주,2024-12-10 23:00,.1
181,서청주,2024-12-11 00:00,0
184,제주,2024-12-10 01:00,2.9
184,제주,2024-12-10 02:00,3.3
184,제주,2024-12-10 03:00,2.8
184,제주,2024-12-10 04:00,2.4
184,제주,2024-12-10 05:00,4.3
184,제주,2024-12-10 06:00,3.6
184,제주,2024-12-10 07:00,3.8
184,제주,2024-12-10 08:00,3.1
184,제주,2024-12-10 09:00,3.7
184,제주,2024-12-10 10:00,4.8
184,제주,2024-12-10 11:00,3.9
184,제주,2024-12-10 12:00,3.9
184,제주,2024-12-10 13:00,3.1
184,제주,2024-12-10 14:00,3.5
184,제주,2024-12-10 15:00,3.3
184,제주,2024-12-10 16:00,3.2
184,제주,2024-12-10 17:00,3.6
184,제주,2024-12-10 18:00,4.1
184,제주,2024-12-10 19:00,2.6
184,제주,2024-12-10 20:00,2.6
184,제주,2024-12-10 21:00,2.7
184,제주,2024-12-10 22:00,2.5
184,제주,2024-12-10 23:00,2.4
184,제주,2024-12-11 00:00,3.2
185,고산,2024-12-10 01:00,6.8
185,고산,2024-12-10 02:00,9.5
185,고산,2024-12-10 03:00,7
185,고산,2024-12-10 04:00,6.2
185,고산,2024-12-10 05:00,9
185,고산,2024-12-10 06:00,9.4
185,고산,2024-12-10 07:00,8.4
185,고산,2024-12-10 08:00,7.6
185,고산,2024-12-10 09:00,6.6
185,고산,2024-12-10 10:00,6.1
185,고산,2024-12-10 11:00,4.3
185,고산,2024-12-10 12:00,4.4
185,고산,2024-12-10 13:00,4.8
185,고산,2024-12-10 14:00,5
185,고산,2024-12-10 15:00,6.7
185,고산,2024-12-10 16:00,8.3
185,고산,2024-12-10 17:00,7.9
185,고산,2024-12-10 18:00,5.6
185,고산,2024-12-10 19:00,5.4
185,고산,2024-12-10 20:00,4
185,고산,2024-12-10 21:00,5.7
185,고산,2024-12-10 22:00,5.9
185,고산,2024-12-10 23:00,7.4
185,고산,2024-12-11 00:00,8.7
188,성산,2024-12-10 01:00,2
188,성산,2024-12-10 02:00,5.1
188,성산,2024-12-10 03:00,2.7
188,성산,2024-12-10 04:00,2.3
188,성산,2024-12-10 05:00,3.2
188,성산,2024-12-10 06:00,1.2
188,성산,2024-12-10 07:00,.5
188,성산,2024-12-10 08:00,1.5
188,성산,2024-12-10 09:00,1.7
188,성산,2024-12-10 10:00,3.7
188,성산,2024-12-10 11:00,3.7
188,성산,2024-12-10 12:00,4
188,성산,2024-12-10 13:00,2.9
188,성산,2024-12-10 14:00,3
188,성산,2024-12-10 15:00,3.4
188,성산,2024-12-10 16:00,3.5
188,성산,2024-12-10 17:00,2.4
188,성산,2024-12-10 18:00,2.6
188,성산,2024-12-10 19:00,2.4
188,성산,2024-12-10 20:00,2.1
188,성산,2024-12-10 21:00,3.1
188,성산,2024-12-10 22:00,2.1
188,성산,2024-12-10 23:00,2
188,성산,2024-12-11 00:00,2.7
189,서귀포,2024-12-10 01:00,1.5
189,서귀포,2024-12-10 02:00,1.3
189,서귀포,2024-12-10 03:00,1.1
189,서귀포,2024-12-10 04:00,1.9
189,서귀포,2024-12-10 05:00,1.6
189,서귀포,2024-12-10 06:00,1.9
189,서귀포,2024-12-10 07:00,2.2
189,서귀포,2024-12-10 08:00,1.4
189,서귀포,2024-12-10 09:00,.4
189,서귀포,2024-12-10 10:00,1
189,서귀포,2024-12-10 11:00,.6
189,서귀포,2024-12-10 12:00,2.3
189,서귀포,2024-12-10 13:00,2.1
189,서귀포,2024-12-10 14:00,1.4
189,서귀포,2024-12-10 15:00,1.1
189,서귀포,2024-12-10 16:00,1.3
189,서귀포,2024-12-10 17:00,1.7
189,서귀포,2024-12-10 18:00,1.3
189,서귀포,2024-12-10 19:00,2.3
189,서귀포,2024-12-10 20:00,1.7
189,서귀포,2024-12-10 21:00,1.7
189,서귀포,2024-12-10 22:00,2.3
189,서귀포,2024-12-10 23:00,1.3
189,서귀포,2024-12-11 00:00,1
192,진주,2024-12-10 01:00,0
192,진주,2024-12-10 02:00,0
192,진주,2024-12-10 03:00,0
192,진주,2024-12-10 04:00,.2
192,진주,2024-12-10 05:00,.1
192,진주,2024-12-10 06:00,0
192,진주,2024-12-10 07:00,.1
192,진주,2024-12-10 08:00,.1
192,진주,2024-12-10 09:00,0
192,진주,2024-12-10 10:00,0
192,진주,2024-12-10 11:00,.6
192,진주,2024-12-10 12:00,.8
192,진주,2024-12-10 13:00,.6
192,진주,2024-12-10 14:00,.6
192,진주,2024-12-10 15:00,.3
192,진주,2024-12-10 16:00,.4
192,진주,2024-12-10 17:00,.3
192,진주,2024-12-10 18:00,0
192,진주,2024-12-10 19:00,0
192,진주,2024-12-10 20:00,0
192,진주,2024-12-10 21:00,0
192,진주,2024-12-10 22:00,.1
192,진주,2024-12-10 23:00,0
192,진주,2024-12-11 00:00,.1
201,강화,2024-12-10 01:00,.3
201,강화,2024-12-10 02:00,.3
201,강화,2024-12-10 03:00,.8
201,강화,2024-12-10 04:00,.5
201,강화,2024-12-10 05:00,.6
201,강화,2024-12-10 06:00,.2
201,강화,2024-12-10 07:00,.5
201,강화,2024-12-10 08:00,.6
201,강화,2024-12-10 09:00,.4
201,강화,2024-12-10 10:00,.8
201,강화,2024-12-10 11:00,1
201,강화,2024-12-10 12:00,2.9
201,강화,2024-12-10 13:00,3.3
201,강화,2024-12-10 14:00,2.3
201,강화,2024-12-10 15:00,1.5
201,강화,2024-12-10 16:00,2.4
201,강화,2024-12-10 17:00,1
201,강화,2024-12-10 18:00,1.2
201,강화,2024-12-10 19:00,1.8
201,강화,2024-12-10 20:00,1.4
201,강화,2024-12-10 21:00,1.4
201,강화,2024-12-10 22:00,.6
201,강화,2024-12-10 23:00,.3
201,강화,2024-12-11 00:00,1.4
202,양평,2024-12-10 01:00,.1
202,양평,2024-12-10 02:00,0
202,양평,2024-12-10 03:00,.4
202,양평,2024-12-10 04:00,.3
202,양평,2024-12-10 05:00,.3
202,양평,2024-12-10 06:00,.2
202,양평,2024-12-10 07:00,.4
202,양평,2024-12-10 08:00,.6
202,양평,2024-12-10 09:00,.5
202,양평,2024-12-10 10:00,.6
202,양평,2024-12-10 11:00,.6
202,양평,2024-12-10 12:00,.4
202,양평,2024-12-10 13:00,1.7
202,양평,2024-12-10 14:00,2.8
202,양평,2024-12-10 15:00,2.3
202,양평,2024-12-10 16:00,1.6
202,양평,2024-12-10 17:00,.9
202,양평,2024-12-10 18:00,.9
202,양평,2024-12-10 19:00,.3
202,양평,2024-12-10 20:00,.3
202,양평,2024-12-10 21:00,.3
202,양평,2024-12-10 22:00,.2
202,양평,2024-12-10 23:00,.9
202,양평,2024-12-11 00:00,.3
203,이천,2024-12-10 01:00,.3
203,이천,2024-12-10 02:00,.2
203,이천,2024-12-10 03:00,.5
203,이천,2024-12-10 04:00,.5
203,이천,2024-12-10 05:00,.3
203,이천,2024-12-10 06:00,0
203,이천,2024-12-10 07:00,.3
203,이천,2024-12-10 08:00,0
203,이천,2024-12-10 09:00,0
203,이천,2024-12-10 10:00,.6
203,이천,2024-12-10 11:00,.5
203,이천,2024-12-10 12:00,.7
203,이천,2024-12-10 13:00,1.9
203,이천,2024-12-10 14:00,1.9
203,이천,2024-12-10 15:00,1.9
203,이천,2024-12-10 16:00,1.2
203,이천,2024-12-10 17:00,1.3
203,이천,2024-12-10 18:00,.8
203,이천,2024-12-10 19:00,.8
203,이천,2024-12-10 20:00,1.4
203,이천,2024-12-10 21:00,1.3
203,이천,2024-12-10 22:00,1
203,이천,2024-12-10 23:00,.9
203,이천,2024-12-11 00:00,.3
211,인제,2024-12-10 01:00,.1
211,인제,2024-12-10 02:00,.5
211,인제,2024-12-10 03:00,.1
211,인제,2024-12-10 04:00,0
211,인제,2024-12-10 05:00,0
211,인제,2024-12-10 06:00,0
211,인제,2024-12-10 07:00,.1
211,인제,2024-12-10 08:00,0
211,인제,2024-12-10 09:00,.2
211,인제,2024-12-10 10:00,.4
211,인제,2024-12-10 11:00,.6
211,인제,2024-12-10 12:00,1.9
211,인제,2024-12-10 13:00,2.1
211,인제,2024-12-10 14:00,3.4
211,인제,2024-12-10 15:00,2.9
211,인제,2024-12-10 16:00,.7
211,인제,2024-12-10 17:00,.3
211,인제,2024-12-10 18:00,0
211,인제,2024-12-10 19:00,.4
211,인제,2024-12-10 20:00,0
211,인제,2024-12-10 21:00,.3
211,인제,2024-12-10 22:00,.2
211,인제,2024-12-10 23:00,.1
211,인제,2024-12-11 00:00,0
212,홍천,2024-12-10 01:00,.2
212,홍천,2024-12-10 02:00,0
212,홍천,2024-12-10 03:00,0
212,홍천,2024-12-10 04:00,.2
212,홍천,2024-12-10 05:00,.2
212,홍천,2024-12-10 06:00,0
212,홍천,2024-12-10 07:00,.5
212,홍천,2024-12-10 08:00,0
212,홍천,2024-12-10 09:00,0
212,홍천,2024-12-10 10:00,.4
212,홍천,2024-12-10 11:00,.3
212,홍천,2024-12-10 12:00,.4
212,홍천,2024-12-10 13:00,.5
212,홍천,2024-12-10 14:00,1.5
212,홍천,2024-12-10 15:00,1
212,홍천,2024-12-10 16:00,1.2
212,홍천,2024-12-10 17:00,.9
212,홍천,2024-12-10 18:00,.7
212,홍천,2024-12-10 19:00,0
212,홍천,2024-12-10 20:00,.3
212,홍천,2024-12-10 21:00,.2
212,홍천,2024-12-10 22:00,0
212,홍천,2024-12-10 23:00,.2
212,홍천,2024-12-11 00:00,.1
216,태백,2024-12-10 01:00,2
216,태백,2024-12-10 02:00,1
216,태백,2024-12-10 03:00,1.9
216,태백,2024-12-10 04:00,1.7
216,태백,2024-12-10 05:00,3.4
216,태백,2024-12-10 06:00,3.9
216,태백,2024-12-10 07:00,1.4
216,태백,2024-12-10 08:00,1.7
216,태백,2024-12-10 09:00,2
216,태백,2024-12-10 10:00,1.3
216,태백,2024-12-10 11:00,2.2
216,태백,2024-12-10 12:00,2
216,태백,2024-12-10 13:00,1.9
216,태백,2024-12-10 14:00,1.5
216,태백,2024-12-10 15:00,1
216,태백,2024-12-10 16:00,1.1
216,태백,2024-12-10 17:00,.5
216,태백,2024-12-10 18:00,.7
216,태백,2024-12-10 19:00,.8
216,태백,2024-12-10 20:00,.8
216,태백,2024-12-10 21:00,.5
216,태백,2024-12-10 22:00,.4
216,태백,2024-12-10 23:00,1.3
216,태백,2024-12-11 00:00,.5
217,정선군,2024-12-10 01:00,.7
217,정선군,2024-12-10 02:00,.6
217,정선군,2024-12-10 03:00,.3
217,정선군,2024-12-10 04:00,.7
217,정선군,2024-12-10 05:00,.8
217,정선군,2024-12-10 06:00,.3
217,정선군,2024-12-10 07:00,.2
217,정선군,2024-12-10 08:00,.9
217,정선군,2024-12-10 09:00,.1
217,정선군,2024-12-10 10:00,.4
217,정선군,2024-12-10 11:00,.3
217,정선군,2024-12-10 12:00,1.2
217,정선군,2024-12-10 13:00,1.7
217,정선군,2024-12-10 14:00,3.7
217,정선군,2024-12-10 15:00,2.4
217,정선군,2024-12-10 16:00,1.8
217,정선군,2024-12-10 17:00,.3
217,정선군,2024-12-10 18:00,.5
217,정선군,2024-12-10 19:00,.5
217,정선군,2024-12-10 20:00,.5
217,정선군,2024-12-10 21:00,.5
217,정선군,2024-12-10 22:00,.2
217,정선군,2024-12-10 23:00,.5
217,정선군,2024-12-11 00:00,.6
221,제천,2024-12-10 01:00,0
221,제천,2024-12-10 02:00,.2
221,제천,2024-12-10 03:00,.1
221,제천,2024-12-10 04:00,0
221,제천,2024-12-10 05:00,0
221,제천,2024-12-10 06:00,.5
221,제천,2024-12-10 07:00,0
221,제천,2024-12-10 08:00,.4
221,제천,2024-12-10 09:00,.1
221,제천,2024-12-10 10:00,.4
221,제천,2024-12-10 11:00,.6
221,제천,2024-12-10 12:00,.7
221,제천,2024-12-10 13:00,2.8
221,제천,2024-12-10 14:00,3
221,제천,2024-12-10 15:00,4.1
221,제천,2024-12-10 16:00,1.8
221,제천,2024-12-10 17:00,.8
221,제천,2024-12-10 18:00,.9
221,제천,2024-12-10 19:00,.5
221,제천,2024-12-10 20:00,.2
221,제천,2024-12-10 21:00,.1
221,제천,2024-12-10 22:00,0
221,제천,2024-12-10 23:00,.4
221,제천,2024-12-11 00:00,.2
226,보은,2024-12-10 01:00,.6
226,보은,2024-12-10 02:00,.8
226,보은,2024-12-10 03:00,.3
226,보은,2024-12-10 04:00,.2
226,보은,2024-12-10 05:00,0
226,보은,2024-12-10 06:00,.5
226,보은,2024-12-10 07:00,.3
226,보은,2024-12-10 08:00,0
226,보은,2024-12-10 09:00,0
226,보은,2024-12-10 10:00,.2
226,보은,2024-12-10 11:00,1.7
226,보은,2024-12-10 12:00,1.3
226,보은,2024-12-10 13:00,3.3
226,보은,2024-12-10 14:00,3.6
226,보은,2024-12-10 15:00,4.4
226,보은,2024-12-10 16:00,3
226,보은,2024-12-10 17:00,1.8
226,보은,2024-12-10 18:00,.4
226,보은,2024-12-10 19:00,0
226,보은,2024-12-10 20:00,0
226,보은,2024-12-10 21:00,.1
226,보은,2024-12-10 22:00,.2
226,보은,2024-12-10 23:00,.5
226,보은,2024-12-11 00:00,0
232,천안,2024-12-10 01:00,.8
232,천안,2024-12-10 02:00,.7
232,천안,2024-12-10 03:00,.1
232,천안,2024-12-10 04:00,0
232,천안,2024-12-10 05:00,.2
232,천안,2024-12-10 06:00,.1
232,천안,2024-12-10 07:00,.6
232,천안,2024-12-10 08:00,0
232,천안,2024-12-10 09:00,.1
232,천안,2024-12-10 10:00,.5
232,천안,2024-12-10 11:00,1.5
232,천안,2024-12-10 12:00,2.5
232,천안,2024-12-10 13:00,1.7
232,천안,2024-12-10 14:00,3.4
232,천안,2024-12-10 15:00,1.6
232,천안,2024-12-10 16:00,2
232,천안,2024-12-10 17:00,1
232,천안,2024-12-10 18:00,.8
232,천안,2024-12-10 19:00,.3
232,천안,2024-12-10 20:00,0
232,천안,2024-12-10 21:00,0
232,천안,2024-12-10 22:00,0
232,천안,2024-12-10 23:00,0
232,천안,2024-12-11 00:00,0
235,보령,2024-12-10 01:00,1.2
235,보령,2024-12-10 02:00,.7
235,보령,2024-12-10 03:00,1.9
235,보령,2024-12-10 04:00,2.8
235,보령,2024-12-10 05:00,1.3
235,보령,2024-12-10 06:00,1
235,보령,2024-12-10 07:00,1.5
235,보령,2024-12-10 08:00,1.3
235,보령,2024-12-10 09:00,1.2
235,보령,2024-12-10 10:00,1.4
235,보령,2024-12-10 11:00,1.1
235,보령,2024-12-10 12:00,1.5
235,보령,2024-12-10 13:00,2.7
235,보령,2024-12-10 14:00,2.6
235,보령,2024-12-10 15:00,2.9
235,보령,2024-12-10 16:00,2.2
235,보령,2024-12-10 17:00,1.9
235,보령,2024-12-10 18:00,1
235,보령,2024-12-10 19:00,.4
235,보령,2024-12-10 20:00,1.1
235,보령,2024-12-10 21:00,.7
235,보령,2024-12-10 22:00,1.2
235,보령,2024-12-10 23:00,.8
235,보령,2024-12-11 00:00,1.5
236,부여,2024-12-10 01:00,.7
236,부여,2024-12-10 02:00,.1
236,부여,2024-12-10 03:00,.8
236,부여,2024-12-10 04:00,.1
236,부여,2024-12-10 05:00,1.1
236,부여,2024-12-10 06:00,.1
236,부여,2024-12-10 07:00,.2
236,부여,2024-12-10 08:00,.1
236,부여,2024-12-10 09:00,.1
236,부여,2024-12-10 10:00,.4
236,부여,2024-12-10 11:00,.8
236,부여,2024-12-10 12:00,.5
236,부여,2024-12-10 13:00,2.4
236,부여,2024-12-10 14:00,1.6
236,부여,2024-12-10 15:00,2
236,부여,2024-12-10 16:00,1.3
236,부여,2024-12-10 17:00,.8
236,부여,2024-12-10 18:00,.7
236,부여,2024-12-10 19:00,.7
236,부여,2024-12-10 20:00,.1
236,부여,2024-12-10 21:00,.3
236,부여,2024-12-10 22:00,.3
236,부여,2024-12-10 23:00,.2
236,부여,2024-12-11 00:00,.3
238,금산,2024-12-10 01:00,.5
238,금산,2024-12-10 02:00,.2
238,금산,2024-12-10 03:00,.7
238,금산,2024-12-10 04:00,.6
238,금산,2024-12-10 05:00,0
238,금산,2024-12-10 06:00,0
238,금산,2024-12-10 07:00,.3
238,금산,2024-12-10 08:00,.4
238,금산,2024-12-10 09:00,.3
238,금산,2024-12-10 10:00,.2
238,금산,2024-12-10 11:00,1.7
238,금산,2024-12-10 12:00,1.9
238,금산,2024-12-10 13:00,2.4
238,금산,2024-12-10 14:00,1.9
238,금산,2024-12-10 15:00,1.7
238,금산,2024-12-10 16:00,1.4
238,금산,2024-12-10 17:00,1.1
238,금산,2024-12-10 18:00,1
238,금산,2024-12-10 19:00,.5
238,금산,2024-12-10 20:00,.6
238,금산,2024-12-10 21:00,.2
238,금산,2024-12-10 22:00,.2
238,금산,2024-12-10 23:00,.9
238,금산,2024-12-11 00:00,.7
239,세종,2024-12-10 01:00,0
239,세종,2024-12-10 02:00,.2
239,세종,2024-12-10 03:00,.7
239,세종,2024-12-10 04:00,.2
239,세종,2024-12-10 05:00,.2
239,세종,2024-12-10 06:00,.1
239,세종,2024-12-10 07:00,.2
239,세종,2024-12-10 08:00,.1
239,세종,2024-12-10 09:00,1.2
239,세종,2024-12-10 10:00,1.2
239,세종,2024-12-10 11:00,1.4
239,세종,2024-12-10 12:00,2.3
239,세종,2024-12-10 13:00,2.3
239,세종,2024-12-10 14:00,2.3
239,세종,2024-12-10 15:00,2.6
239,세종,2024-12-10 16:00,2.6
239,세종,2024-12-10 17:00,1.9
239,세종,2024-12-10 18:00,2.1
239,세종,2024-12-10 19:00,1.8
239,세종,2024-12-10 20:00,1.4
239,세종,2024-12-10 21:00,1.3
239,세종,2024-12-10 22:00,.5
239,세종,2024-12-10 23:00,1
239,세종,2024-12-11 00:00,.9
243,부안,2024-12-10 01:00,.6
243,부안,2024-12-10 02:00,.7
243,부안,2024-12-10 03:00,.5
243,부안,2024-12-10 04:00,.3
243,부안,2024-12-10 05:00,1.4
243,부안,2024-12-10 06:00,1.2
243,부안,2024-12-10 07:00,.9
243,부안,2024-12-10 08:00,.6
243,부안,2024-12-10 09:00,1.4
243,부안,2024-12-10 10:00,2.9
243,부안,2024-12-10 11:00,2.7
243,부안,2024-12-10 12:00,2.5
243,부안,2024-12-10 13:00,2.7
243,부안,2024-12-10 14:00,2.1
243,부안,2024-12-10 15:00,2
243,부안,2024-12-10 16:00,1.9
243,부안,2024-12-10 17:00,.8
243,부안,2024-12-10 18:00,.1
243,부안,2024-12-10 19:00,.1
243,부안,2024-12-10 20:00,.4
243,부안,2024-12-10 21:00,.3
243,부안,2024-12-10 22:00,.4
243,부안,2024-12-10 23:00,0
243,부안,2024-12-11 00:00,0
244,임실,2024-12-10 01:00,.2
244,임실,2024-12-10 02:00,.2
244,임실,2024-12-10 03:00,.2
244,임실,2024-12-10 04:00,.7
244,임실,2024-12-10 05:00,.2
244,임실,2024-12-10 06:00,.9
244,임실,2024-12-10 07:00,.2
244,임실,2024-12-10 08:00,.3
244,임실,2024-12-10 09:00,.3
244,임실,2024-12-10 10:00,2.1
244,임실,2024-12-10 11:00,2.1
244,임실,2024-12-10 12:00,1.8
244,임실,2024-12-10 13:00,4.3
244,임실,2024-12-10 14:00,1.7
244,임실,2024-12-10 15:00,1.6
244,임실,2024-12-10 16:00,1.5
244,임실,2024-12-10 17:00,1.2
244,임실,2024-12-10 18:00,1.1
244,임실,2024-12-10 19:00,.2
244,임실,2024-12-10 20:00,.2
244,임실,2024-12-10 21:00,.5
244,임실,2024-12-10 22:00,.1
244,임실,2024-12-10 23:00,.2
244,임실,2024-12-11 00:00,.2
245,정읍,2024-12-10 01:00,.5
245,정읍,2024-12-10 02:00,.9
245,정읍,2024-12-10 03:00,.8
245,정읍,2024-12-10 04:00,.5
245,정읍,2024-12-10 05:00,1.6
245,정읍,2024-12-10 06:00,2
245,정읍,2024-12-10 07:00,1.4
245,정읍,2024-12-10 08:00,1.7
245,정읍,2024-12-10 09:00,1.6
245,정읍,2024-12-10 10:00,2.6
245,정읍,2024-12-10 11:00,2.6
245,정읍,2024-12-10 12:00,4
245,정읍,2024-12-10 13:00,5
245,정읍,2024-12-10 14:00,3.3
245,정읍,2024-12-10 15:00,3
245,정읍,2024-12-10 16:00,2.3
245,정읍,2024-12-10 17:00,2.2
245,정읍,2024-12-10 18:00,.7
245,정읍,2024-12-10 19:00,.6
245,정읍,2024-12-10 20:00,.8
245,정읍,2024-12-10 21:00,1.8
245,정읍,2024-12-10 22:00,1.2
245,정읍,2024-12-10 23:00,1.1
245,정읍,2024-12-11 00:00,.4
247,남원,2024-12-10 01:00,1
247,남원,2024-12-10 02:00,.4
247,남원,2024-12-10 03:00,.2
247,남원,2024-12-10 04:00,.3
247,남원,2024-12-10 05:00,1.3
247,남원,2024-12-10 06:00,.2
247,남원,2024-12-10 07:00,.8
247,남원,2024-12-10 08:00,1.1
247,남원,2024-12-10 09:00,1.2
247,남원,2024-12-10 10:00,.9
247,남원,2024-12-10 11:00,2.1
247,남원,2024-12-10 12:00,2.4
247,남원,2024-12-10 13:00,2
247,남원,2024-12-10 14:00,2.2
247,남원,2024-12-10 15:00,1.7
247,남원,2024-12-10 16:00,1.6
247,남원,2024-12-10 17:00,1.5
247,남원,2024-12-10 18:00,.2
247,남원,2024-12-10 19:00,1.6
247,남원,2024-12-10 20:00,1.3
247,남원,2024-12-10 21:00,1.7
247,남원,2024-12-10 22:00,2.2
247,남원,2024-12-10 23:00,.2
247,남원,2024-12-11 00:00,2.2
248,장수,2024-12-10 01:00,.2
248,장수,2024-12-10 02:00,.4
248,장수,2024-12-10 03:00,.3
248,장수,2024-12-10 04:00,.1
248,장수,2024-12-10 05:00,.5
248,장수,2024-12-10 06:00,1.8
248,장수,2024-12-10 07:00,1
248,장수,2024-12-10 08:00,.1
248,장수,2024-12-10 09:00,.9
248,장수,2024-12-10 10:00,3
248,장수,2024-12-10 11:00,2.8
248,장수,2024-12-10 12:00,3.3
248,장수,2024-12-10 13:00,3.2
248,장수,2024-12-10 14:00,3.7
248,장수,2024-12-10 15:00,2.7
248,장수,2024-12-10 16:00,3.5
248,장수,2024-12-10 17:00,1.8
248,장수,2024-12-10 18:00,0
248,장수,2024-12-10 19:00,.2
248,장수,2024-12-10 20:00,.2
248,장수,2024-12-10 21:00,.3
248,장수,2024-12-10 22:00,0
248,장수,2024-12-10 23:00,0
248,장수,2024-12-11 00:00,.5
251,고창군,2024-12-10 01:00,0
251,고창군,2024-12-10 02:00,.4
251,고창군,2024-12-10 03:00,.3
251,고창군,2024-12-10 04:00,0
251,고창군,2024-12-10 05:00,1.2
251,고창군,2024-12-10 06:00,.8
251,고창군,2024-12-10 07:00,1.2
251,고창군,2024-12-10 08:00,1.6
251,고창군,2024-12-10 09:00,2.8
251,고창군,2024-12-10 10:00,3.1
251,고창군,2024-12-10 11:00,4
251,고창군,2024-12-10 12:00,3.4
251,고창군,2024-12-10 13:00,3.2
251,고창군,2024-12-10 14:00,3.2
251,고창군,2024-12-10 15:00,2.7
251,고창군,2024-12-10 16:00,3.6
251,고창군,2024-12-10 17:00,1.7
251,고창군,2024-12-10 18:00,.3
251,고창군,2024-12-10 19:00,.4
251,고창군,2024-12-10 20:00,.8
251,고창군,2024-12-10 21:00,0
251,고창군,2024-12-10 22:00,.6
251,고창군,2024-12-10 23:00,.7
251,고창군,2024-12-11 00:00,.5
252,영광군,2024-12-10 01:00,.7
252,영광군,2024-12-10 02:00,.7
252,영광군,2024-12-10 03:00,.6
252,영광군,2024-12-10 04:00,.1
252,영광군,2024-12-10 05:00,.4
252,영광군,2024-12-10 06:00,.2
252,영광군,2024-12-10 07:00,.8
252,영광군,2024-12-10 08:00,1
252,영광군,2024-12-10 09:00,.9
252,영광군,2024-12-10 10:00,.7
252,영광군,2024-12-10 11:00,1.5
252,영광군,2024-12-10 12:00,2
252,영광군,2024-12-10 13:00,3.5
252,영광군,2024-12-10 14:00,3.5
252,영광군,2024-12-10 15:00,2.8
252,영광군,2024-12-10 16:00,3.7
252,영광군,2024-12-10 17:00,3.3
252,영광군,2024-12-10 18:00,2.5
252,영광군,2024-12-10 19:00,0
252,영광군,2024-12-10 20:00,0
252,영광군,2024-12-10 21:00,.4
252,영광군,2024-12-10 22:00,0
252,영광군,2024-12-10 23:00,.4
252,영광군,2024-12-11 00:00,1.4
253,김해시,2024-12-10 01:00,.6
253,김해시,2024-12-10 02:00,.7
253,김해시,2024-12-10 03:00,1
253,김해시,2024-12-10 04:00,1.3
253,김해시,2024-12-10 05:00,1.7
253,김해시,2024-12-10 06:00,1.2
253,김해시,2024-12-10 07:00,.7
253,김해시,2024-12-10 08:00,1.5
253,김해시,2024-12-10 09:00,1.5
253,김해시,2024-12-10 10:00,2.7
253,김해시,2024-12-10 11:00,3.7
253,김해시,2024-12-10 12:00,4
253,김해시,2024-12-10 13:00,4.4
253,김해시,2024-12-10 14:00,2.6
253,김해시,2024-12-10 15:00,3.3
253,김해시,2024-12-10 16:00,3.1
253,김해시,2024-12-10 17:00,2
253,김해시,2024-12-10 18:00,.5
253,김해시,2024-12-10 19:00,.2
253,김해시,2024-12-10 20:00,.4
253,김해시,2024-12-10 21:00,1.3
253,김해시,2024-12-10 22:00,1.2
253,김해시,2024-12-10 23:00,1.9
253,김해시,2024-12-11 00:00,1
254,순창군,2024-12-10 01:00,.6
254,순창군,2024-12-10 02:00,.3
254,순창군,2024-12-10 03:00,.4
254,순창군,2024-12-10 04:00,.1
254,순창군,2024-12-10 05:00,.8
254,순창군,2024-12-10 06:00,.6
254,순창군,2024-12-10 07:00,.3
254,순창군,2024-12-10 08:00,.7
254,순창군,2024-12-10 09:00,.5
254,순창군,2024-12-10 10:00,1.2
254,순창군,2024-12-10 11:00,2.5
254,순창군,2024-12-10 12:00,3.6
254,순창군,2024-12-10 13:00,4.3
254,순창군,2024-12-10 14:00,3.9
254,순창군,2024-12-10 15:00,4.7
254,순창군,2024-12-10 16:00,5
254,순창군,2024-12-10 17:00,3.2
254,순창군,2024-12-10 18:00,3.1
254,순창군,2024-12-10 19:00,.8
254,순창군,2024-12-10 20:00,.6
254,순창군,2024-12-10 21:00,.1
254,순창군,2024-12-10 22:00,1.1
254,순창군,2024-12-10 23:00,.3
254,순창군,2024-12-11 00:00,1.1
255,북창원,2024-12-10 01:00,1
255,북창원,2024-12-10 02:00,1.3
255,북창원,2024-12-10 03:00,.4
255,북창원,2024-12-10 04:00,.3
255,북창원,2024-12-10 05:00,.6
255,북창원,2024-12-10 06:00,1.1
255,북창원,2024-12-10 07:00,.5
255,북창원,2024-12-10 08:00,1.4
255,북창원,2024-12-10 09:00,.8
255,북창원,2024-12-10 10:00,3
255,북창원,2024-12-10 11:00,1.9
255,북창원,2024-12-10 12:00,4.3
255,북창원,2024-12-10 13:00,2.9
255,북창원,2024-12-10 14:00,2.9
255,북창원,2024-12-10 15:00,2.3
255,북창원,2024-12-10 16:00,1.6
255,북창원,2024-12-10 17:00,2
255,북창원,2024-12-10 18:00,1.7
255,북창원,2024-12-10 19:00,.5
255,북창원,2024-12-10 20:00,.5
255,북창원,2024-12-10 21:00,.3
255,북창원,2024-12-10 22:00,.7
255,북창원,2024-12-10 23:00,1.1
255,북창원,2024-12-11 00:00,.6
257,양산시,2024-12-10 01:00,1.2
257,양산시,2024-12-10 02:00,1.9
257,양산시,2024-12-10 03:00,1.5
257,양산시,2024-12-10 04:00,1.1
257,양산시,2024-12-10 05:00,.6
257,양산시,2024-12-10 06:00,1
257,양산시,2024-12-10 07:00,1.4
257,양산시,2024-12-10 08:00,1.6
257,양산시,2024-12-10 09:00,2.2
257,양산시,2024-12-10 10:00,1.7
257,양산시,2024-12-10 11:00,2.3
257,양산시,2024-12-10 12:00,2
257,양산시,2024-12-10 13:00,1.4
257,양산시,2024-12-10 14:00,1.5
257,양산시,2024-12-10 15:00,1.3
257,양산시,2024-12-10 16:00,1.4
257,양산시,2024-12-10 17:00,.3
257,양산시,2024-12-10 18:00,.3
257,양산시,2024-12-10 19:00,.2
257,양산시,2024-12-10 20:00,1.1
257,양산시,2024-12-10 21:00,.6
257,양산시,2024-12-10 22:00,1
257,양산시,2024-12-10 23:00,.4
257,양산시,2024-12-11 00:00,1
258,보성군,2024-12-10 01:00,1.9
258,보성군,2024-12-10 02:00,2.4
258,보성군,2024-12-10 03:00,3
258,보성군,2024-12-10 04:00,3.2
258,보성군,2024-12-10 05:00,2.9
258,보성군,2024-12-10 06:00,3
258,보성군,2024-12-10 07:00,2.5
258,보성군,2024-12-10 08:00,3.5
258,보성군,2024-12-10 09:00,3.6
258,보성군,2024-12-10 10:00,5.8
258,보성군,2024-12-10 11:00,4.3
258,보성군,2024-12-10 12:00,4.1
258,보성군,2024-12-10 13:00,3.7
258,보성군,2024-12-10 14:00,2.9
258,보성군,2024-12-10 15:00,4
258,보성군,2024-12-10 16:00,4.4
258,보성군,2024-12-10 17:00,4.4
258,보성군,2024-12-10 18:00,2.4
258,보성군,2024-12-10 19:00,1
258,보성군,2024-12-10 20:00,2.1
258,보성군,2024-12-10 21:00,2.6
258,보성군,2024-12-10 22:00,1
258,보성군,2024-12-10 23:00,1.2
258,보성군,2024-12-11 00:00,.9
259,강진군,2024-12-10 01:00,.8
259,강진군,2024-12-10 02:00,.7
259,강진군,2024-12-10 03:00,.6
259,강진군,2024-12-10 04:00,.5
259,강진군,2024-12-10 05:00,.6
259,강진군,2024-12-10 06:00,.5
259,강진군,2024-12-10 07:00,.7
259,강진군,2024-12-10 08:00,.6
259,강진군,2024-12-10 09:00,.4
259,강진군,2024-12-10 10:00,2.4
259,강진군,2024-12-10 11:00,2.8
259,강진군,2024-12-10 12:00,3.6
259,강진군,2024-12-10 13:00,3.2
259,강진군,2024-12-10 14:00,3.6
259,강진군,2024-12-10 15:00,3.4
259,강진군,2024-12-10 16:00,3.4
259,강진군,2024-12-10 17:00,3.4
259,강진군,2024-12-10 18:00,1.3
259,강진군,2024-12-10 19:00,1.8
259,강진군,2024-12-10 20:00,.4
259,강진군,2024-12-10 21:00,.3
259,강진군,2024-12-10 22:00,.4
259,강진군,2024-12-10 23:00,.5
259,강진군,2024-12-11 00:00,1
260,장흥,2024-12-10 01:00,.3
260,장흥,2024-12-10 02:00,.4
260,장흥,2024-12-10 03:00,.1
260,장흥,2024-12-10 04:00,.4
260,장흥,2024-12-10 05:00,.2
260,장흥,2024-12-10 06:00,.5
260,장흥,2024-12-10 07:00,.4
260,장흥,2024-12-10 08:00,.5
260,장흥,2024-12-10 09:00,.2
260,장흥,2024-12-10 10:00,1.9
260,장흥,2024-12-10 11:00,1.9
260,장흥,2024-12-10 12:00,3.9
260,장흥,2024-12-10 13:00,3.3
260,장흥,2024-12-10 14:00,2.7
260,장흥,2024-12-10 15:00,3.2
260,장흥,2024-12-10 16:00,3.4
260,장흥,2024-12-10 17:00,2.5
260,장흥,2024-12-10 18:00,2.1
260,장흥,2024-12-10 19:00,.4
260,장흥,2024-12-10 20:00,.3
260,장흥,2024-12-10 21:00,.5
260,장흥,2024-12-10 22:00,.9
260,장흥,2024-12-10 23:00,.4
260,장흥,2024-12-11 00:00,.3
261,해남,2024-12-10 01:00,.1
261,해남,2024-12-10 02:00,0
261,해남,2024-12-10 03:00,.3
261,해남,2024-12-10 04:00,.3
261,해남,2024-12-10 05:00,0
261,해남,2024-12-10 06:00,.9
261,해남,2024-12-10 07:00,1.1
261,해남,2024-12-10 08:00,1
261,해남,2024-12-10 09:00,.8
261,해남,2024-12-10 10:00,1.9
261,해남,2024-12-10 11:00,3.6
261,해남,2024-12-10 12:00,3
261,해남,2024-12-10 13:00,2.3
261,해남,2024-12-10 14:00,2.6
261,해남,2024-12-10 15:00,3.4
261,해남,2024-12-10 16:00,2.4
261,해남,2024-12-10 17:00,2.6
261,해남,2024-12-10 18:00,1.7
261,해남,2024-12-10 19:00,1.1
261,해남,2024-12-10 20:00,.6
261,해남,2024-12-10 21:00,.3
261,해남,2024-12-10 22:00,.7
261,해남,2024-12-10 23:00,.4
261,해남,2024-12-11 00:00,.9
262,고흥,2024-12-10 01:00,.3
262,고흥,2024-12-10 02:00,.2
262,고흥,2024-12-10 03:00,.1
262,고흥,2024-12-10 04:00,.1
262,고흥,2024-12-10 05:00,.2
262,고흥,2024-12-10 06:00,.9
262,고흥,2024-12-10 07:00,0
262,고흥,2024-12-10 08:00,.2
262,고흥,2024-12-10 09:00,.6
262,고흥,2024-12-10 10:00,2.5
262,고흥,2024-12-10 11:00,2.5
262,고흥,2024-12-10 12:00,3.8
262,고흥,2024-12-10 13:00,5.7
262,고흥,2024-12-10 14:00,5.3
262,고흥,2024-12-10 15:00,5
262,고흥,2024-12-10 16:00,3.4
262,고흥,2024-12-10 17:00,.7
262,고흥,2024-12-10 18:00,.9
262,고흥,2024-12-10 19:00,.4
262,고흥,2024-12-10 20:00,.4
262,고흥,2024-12-10 21:00,.7
262,고흥,2024-12-10 22:00,0
262,고흥,2024-12-10 23:00,.5
262,고흥,2024-12-11 00:00,0
263,의령군,2024-12-10 01:00,.5
263,의령군,2024-12-10 02:00,.2
263,의령군,2024-12-10 03:00,.2
263,의령군,2024-12-10 04:00,.1
263,의령군,2024-12-10 05:00,.1
263,의령군,2024-12-10 06:00,.2
263,의령군,2024-12-10 07:00,.2
263,의령군,2024-12-10 08:00,.2
263,의령군,2024-12-10 09:00,.3
263,의령군,2024-12-10 10:00,1
263,의령군,2024-12-10 11:00,1.6
263,의령군,2024-12-10 12:00,1.5
263,의령군,2024-12-10 13:00,1.7
263,의령군,2024-12-10 14:00,1.7
263,의령군,2024-12-10 15:00,2
263,의령군,2024-12-10 16:00,2.4
263,의령군,2024-12-10 17:00,1.4
263,의령군,2024-12-10 18:00,1.1
263,의령군,2024-12-10 19:00,1.5
263,의령군,2024-12-10 20:00,.3
263,의령군,2024-12-10 21:00,1.1
263,의령군,2024-12-10 22:00,.6
263,의령군,2024-12-10 23:00,.4
263,의령군,2024-12-11 00:00,.4
264,함양군,2024-12-10 01:00,1.7
264,함양군,2024-12-10 02:00,1
264,함양군,2024-12-10 03:00,.5
264,함양군,2024-12-10 04:00,.8
264,함양군,2024-12-10 05:00,0
264,함양군,2024-12-10 06:00,.7
264,함양군,2024-12-10 07:00,.5
264,함양군,2024-12-10 08:00,0
264,함양군,2024-12-10 09:00,3
264,함양군,2024-12-10 10:00,2.5
264,함양군,2024-12-10 11:00,3.7
264,함양군,2024-12-10 12:00,3.2
264,함양군,2024-12-10 13:00,3.8
264,함양군,2024-12-10 14:00,3.2
264,함양군,2024-12-10 15:00,4.1
264,함양군,2024-12-10 16:00,4.2
264,함양군,2024-12-10 17:00,3.7
264,함양군,2024-12-10 18:00,0
264,함양군,2024-12-10 19:00,0
264,함양군,2024-12-10 20:00,0
264,함양군,2024-12-10 21:00,0
264,함양군,2024-12-10 22:00,0
264,함양군,2024-12-10 23:00,0
264,함양군,2024-12-11 00:00,0
266,광양시,2024-12-10 01:00,.3
266,광양시,2024-12-10 02:00,1.2
266,광양시,2024-12-10 03:00,1
266,광양시,2024-12-10 04:00,.5
266,광양시,2024-12-10 05:00,.4
266,광양시,2024-12-10 06:00,.6
266,광양시,2024-12-10 07:00,.5
266,광양시,2024-12-10 08:00,.6
266,광양시,2024-12-10 09:00,1.3
266,광양시,2024-12-10 10:00,1.6
266,광양시,2024-12-10 11:00,2
266,광양시,2024-12-10 12:00,1.7
266,광양시,2024-12-10 13:00,1.7
266,광양시,2024-12-10 14:00,2.7
266,광양시,2024-12-10 15:00,2.1
266,광양시,2024-12-10 16:00,2.3
266,광양시,2024-12-10 17:00,2.7
266,광양시,2024-12-10 18:00,1
266,광양시,2024-12-10 19:00,1.6
266,광양시,2024-12-10 20:00,1.7
266,광양시,2024-12-10 21:00,.6
266,광양시,2024-12-10 22:00,.6
266,광양시,2024-12-10 23:00,1.8
266,광양시,2024-12-11 00:00,1.8
268,진도군,2024-12-10 01:00,.6
268,진도군,2024-12-10 02:00,.4
268,진도군,2024-12-10 03:00,.1
268,진도군,2024-12-10 04:00,2.1
268,진도군,2024-12-10 05:00,1.5
268,진도군,2024-12-10 06:00,2.7
268,진도군,2024-12-10 07:00,3.4
268,진도군,2024-12-10 08:00,3.7
268,진도군,2024-12-10 09:00,2.3
268,진도군,2024-12-10 10:00,4.3
268,진도군,2024-12-10 11:00,3.4
268,진도군,2024-12-10 12:00,4.4
268,진도군,2024-12-10 13:00,4
268,진도군,2024-12-10 14:00,5.5
268,진도군,2024-12-10 15:00,5.3
268,진도군,2024-12-10 16:00,4.3
268,진도군,2024-12-10 17:00,4.9
268,진도군,2024-12-10 18:00,4.5
268,진도군,2024-12-10 19:00,4.5
268,진도군,2024-12-10 20:00,3
268,진도군,2024-12-10 21:00,2.6
268,진도군,2024-12-10 22:00,1.8
268,진도군,2024-12-10 23:00,3
268,진도군,2024-12-11 00:00,2.1
271,봉화,2024-12-10 01:00,1.6
271,봉화,2024-12-10 02:00,1.6
271,봉화,2024-12-10 03:00,1.8
271,봉화,2024-12-10 04:00,2.2
271,봉화,2024-12-10 05:00,.9
271,봉화,2024-12-10 06:00,1
271,봉화,2024-12-10 07:00,1.4
271,봉화,2024-12-10 08:00,.7
271,봉화,2024-12-10 09:00,1.2
271,봉화,2024-12-10 10:00,2.2
271,봉화,2024-12-10 11:00,1.7
271,봉화,2024-12-10 12:00,2.3
271,봉화,2024-12-10 13:00,2.1
271,봉화,2024-12-10 14:00,1.4
271,봉화,2024-12-10 15:00,3.8
271,봉화,2024-12-10 16:00,3.9
271,봉화,2024-12-10 17:00,1.5
271,봉화,2024-12-10 18:00,.5
271,봉화,2024-12-10 19:00,.5
271,봉화,2024-12-10 20:00,.1
271,봉화,2024-12-10 21:00,.6
271,봉화,2024-12-10 22:00,.5
271,봉화,2024-12-10 23:00,.2
271,봉화,2024-12-11 00:00,.4
272,영주,2024-12-10 01:00,2.7
272,영주,2024-12-10 02:00,2.5
272,영주,2024-12-10 03:00,.6
272,영주,2024-12-10 04:00,.5
272,영주,2024-12-10 05:00,1.8
272,영주,2024-12-10 06:00,.8
272,영주,2024-12-10 07:00,.7
272,영주,2024-12-10 08:00,.8
272,영주,2024-12-10 09:00,1.6
272,영주,2024-12-10 10:00,1.6
272,영주,2024-12-10 11:00,2.1
272,영주,2024-12-10 12:00,1.5
272,영주,2024-12-10 13:00,2.5
272,영주,2024-12-10 14:00,6.3
272,영주,2024-12-10 15:00,5.2
272,영주,2024-12-10 16:00,4.2
272,영주,2024-12-10 17:00,4.2
272,영주,2024-12-10 18:00,4.2
272,영주,2024-12-10 19:00,4.8
272,영주,2024-12-10 20:00,4
272,영주,2024-12-10 21:00,2.2
272,영주,2024-12-10 22:00,4.7
272,영주,2024-12-10 23:00,4.2
272,영주,2024-12-11 00:00,5.5
273,문경,2024-12-10 01:00,.3
273,문경,2024-12-10 02:00,.3
273,문경,2024-12-10 03:00,.7
273,문경,2024-12-10 04:00,3.7
273,문경,2024-12-10 05:00,.5
273,문경,2024-12-10 06:00,1.3
273,문경,2024-12-10 07:00,1
273,문경,2024-12-10 08:00,1
273,문경,2024-12-10 09:00,1.1
273,문경,2024-12-10 10:00,1.5
273,문경,2024-12-10 11:00,2.3
273,문경,2024-12-10 12:00,2.4
273,문경,2024-12-10 13:00,3.9
273,문경,2024-12-10 14:00,2.9
273,문경,2024-12-10 15:00,3.7
273,문경,2024-12-10 16:00,1.9
273,문경,2024-12-10 17:00,1
273,문경,2024-12-10 18:00,.6
273,문경,2024-12-10 19:00,1.1
273,문경,2024-12-10 20:00,1.7
273,문경,2024-12-10 21:00,.9
273,문경,2024-12-10 22:00,1.8
273,문경,2024-12-10 23:00,3.3
273,문경,2024-12-11 00:00,1.3
276,청송군,2024-12-10 01:00,.1
276,청송군,2024-12-10 02:00,.2
276,청송군,2024-12-10 03:00,1.1
276,청송군,2024-12-10 04:00,.1
276,청송군,2024-12-10 05:00,.2
276,청송군,2024-12-10 06:00,.4
276,청송군,2024-12-10 07:00,.1
276,청송군,2024-12-10 08:00,.2
276,청송군,2024-12-10 09:00,.7
276,청송군,2024-12-10 10:00,.6
276,청송군,2024-12-10 11:00,3.8
276,청송군,2024-12-10 12:00,4
276,청송군,2024-12-10 13:00,4.4
276,청송군,2024-12-10 14:00,3.3
276,청송군,2024-12-10 15:00,3.7
276,청송군,2024-12-10 16:00,3.2
276,청송군,2024-12-10 17:00,.9
276,청송군,2024-12-10 18:00,.6
276,청송군,2024-12-10 19:00,1.6
276,청송군,2024-12-10 20:00,1
276,청송군,2024-12-10 21:00,.7
276,청송군,2024-12-10 22:00,1
276,청송군,2024-12-10 23:00,.8
276,청송군,2024-12-11 00:00,.3
277,영덕,2024-12-10 01:00,5
277,영덕,2024-12-10 02:00,4.5
277,영덕,2024-12-10 03:00,5.2
277,영덕,2024-12-10 04:00,1.9
277,영덕,2024-12-10 05:00,2.3
277,영덕,2024-12-10 06:00,2.3
277,영덕,2024-12-10 07:00,2.4
277,영덕,2024-12-10 08:00,3.4
277,영덕,2024-12-10 09:00,4.4
277,영덕,2024-12-10 10:00,6.4
277,영덕,2024-12-10 11:00,4.4
277,영덕,2024-12-10 12:00,4.4
277,영덕,2024-12-10 13:00,3.2
277,영덕,2024-12-10 14:00,5.2
277,영덕,2024-12-10 15:00,4.3
277,영덕,2024-12-10 16:00,2
277,영덕,2024-12-10 17:00,1.1
277,영덕,2024-12-10 18:00,1.2
277,영덕,2024-12-10 19:00,1.8
277,영덕,2024-12-10 20:00,1.3
277,영덕,2024-12-10 21:00,1.2
277,영덕,2024-12-10 22:00,1.2
277,영덕,2024-12-10 23:00,1
277,영덕,2024-12-11 00:00,2
278,의성,2024-12-10 01:00,.1
278,의성,2024-12-10 02:00,.2
278,의성,2024-12-10 03:00,.1
278,의성,2024-12-10 04:00,.2
278,의성,2024-12-10 05:00,0
278,의성,2024-12-10 06:00,.1
278,의성,2024-12-10 07:00,0
278,의성,2024-12-10 08:00,0
278,의성,2024-12-10 09:00,.1
278,의성,2024-12-10 10:00,0
278,의성,2024-12-10 11:00,2.3
278,의성,2024-12-10 12:00,2.5
278,의성,2024-12-10 13:00,2.6
278,의성,2024-12-10 14:00,1.8
278,의성,2024-12-10 15:00,1.9
278,의성,2024-12-10 16:00,1.5
278,의성,2024-12-10 17:00,1.4
278,의성,2024-12-10 18:00,.4
278,의성,2024-12-10 19:00,.2
278,의성,2024-12-10 20:00,.2
278,의성,2024-12-10 21:00,0
278,의성,2024-12-10 22:00,.2
278,의성,2024-12-10 23:00,.1
278,의성,2024-12-11 00:00,0
279,구미,2024-12-10 01:00,.1
279,구미,2024-12-10 02:00,.4
279,구미,2024-12-10 03:00,0
279,구미,2024-12-10 04:00,0
279,구미,2024-12-10 05:00,0
279,구미,2024-12-10 06:00,.2
279,구미,2024-12-10 07:00,.8
279,구미,2024-12-10 08:00,.7
279,구미,2024-12-10 09:00,.7
279,구미,2024-12-10 10:00,1.6
279,구미,2024-12-10 11:00,1.8
279,구미,2024-12-10 12:00,1.3
279,구미,2024-12-10 13:00,1.9
279,구미,2024-12-10 14:00,1.8
279,구미,2024-12-10 15:00,2
279,구미,2024-12-10 16:00,1.4
279,구미,2024-12-10 17:00,1.2
279,구미,2024-12-10 18:00,1.4
279,구미,2024-12-10 19:00,.4
279,구미,2024-12-10 20:00,.1
279,구미,2024-12-10 21:00,0
279,구미,2024-12-10 22:00,.4
279,구미,2024-12-10 23:00,.4
279,구미,2024-12-11 00:00,.6
281,영천,2024-12-10 01:00,2
281,영천,2024-12-10 02:00,1.8
281,영천,2024-12-10 03:00,1.9
281,영천,2024-12-10 04:00,1.8
281,영천,2024-12-10 05:00,1.5
281,영천,2024-12-10 06:00,1.8
281,영천,2024-12-10 07:00,1.5
281,영천,2024-12-10 08:00,2.4
281,영천,2024-12-10 09:00,2.6
281,영천,2024-12-10 10:00,3.6
281,영천,2024-12-10 11:00,4.2
281,영천,2024-12-10 12:00,3.2
281,영천,2024-12-10 13:00,4
281,영천,2024-12-10 14:00,3.6
281,영천,2024-12-10 15:00,2.5
281,영천,2024-12-10 16:00,3.5
281,영천,2024-12-10 17:00,1.6
281,영천,2024-12-10 18:00,.1
281,영천,2024-12-10 19:00,.4
281,영천,2024-12-10 20:00,.4
281,영천,2024-12-10 21:00,.9
281,영천,2024-12-10 22:00,.1
281,영천,2024-12-10 23:00,.3
281,영천,2024-12-11 00:00,.1
283,경주시,2024-12-10 01:00,1.8
283,경주시,2024-12-10 02:00,2
283,경주시,2024-12-10 03:00,3
283,경주시,2024-12-10 04:00,.8
283,경주시,2024-12-10 05:00,2.5
283,경주시,2024-12-10 06:00,1.3
283,경주시,2024-12-10 07:00,2.4
283,경주시,2024-12-10 08:00,2.7
283,경주시,2024-12-10 09:00,2.2
283,경주시,2024-12-10 10:00,3
283,경주시,2024-12-10 11:00,2.9
283,경주시,2024-12-10 12:00,3.7
283,경주시,2024-12-10 13:00,3.2
283,경주시,2024-12-10 14:00,4.3
283,경주시,2024-12-10 15:00,4
283,경주시,2024-12-10 16:00,2.7
283,경주시,2024-12-10 17:00,3.5
283,경주시,2024-12-10 18:00,1.6
283,경주시,2024-12-10 19:00,2.9
283,경주시,2024-12-10 20:00,1.9
283,경주시,2024-12-10 21:00,2.1
283,경주시,2024-12-10 22:00,2.2
283,경주시,2024-12-10 23:00,1.6
283,경주시,2024-12-11 00:00,2.3
284,거창,2024-12-10 01:00,0
284,거창,2024-12-10 02:00,0
284,거창,2024-12-10 03:00,.1
284,거창,2024-12-10 04:00,0
284,거창,2024-12-10 05:00,0
284,거창,2024-12-10 06:00,0
284,거창,2024-12-10 07:00,.2
284,거창,2024-12-10 08:00,.1
284,거창,2024-12-10 09:00,.1
284,거창,2024-12-10 10:00,.1
284,거창,2024-12-10 11:00,.7
284,거창,2024-12-10 12:00,.8
284,거창,2024-12-10 13:00,.6
284,거창,2024-12-10 14:00,2.3
284,거창,2024-12-10 15:00,2.5
284,거창,2024-12-10 16:00,2.9
284,거창,2024-12-10 17:00,2.3
284,거창,2024-12-10 18:00,1.1
284,거창,2024-12-10 19:00,1.6
284,거창,2024-12-10 20:00,.2
284,거창,2024-12-10 21:00,.9
284,거창,2024-12-10 22:00,.7
284,거창,2024-12-10 23:00,.3
284,거창,2024-12-11 00:00,0
285,합천,2024-12-10 01:00,.8
285,합천,2024-12-10 02:00,.5
285,합천,2024-12-10 03:00,.2
285,합천,2024-12-10 04:00,.4
285,합천,2024-12-10 05:00,.7
285,합천,2024-12-10 06:00,.2
285,합천,2024-12-10 07:00,.7
285,합천,2024-12-10 08:00,.7
285,합천,2024-12-10 09:00,.6
285,합천,2024-12-10 10:00,.2
285,합천,2024-12-10 11:00,1
285,합천,2024-12-10 12:00,.9
285,합천,2024-12-10 13:00,1
285,합천,2024-12-10 14:00,1.3
285,합천,2024-12-10 15:00,1
285,합천,2024-12-10 16:00,1.4
285,합천,2024-12-10 17:00,1.9
285,합천,2024-12-10 18:00,.3
285,합천,2024-12-10 19:00,.3
285,합천,2024-12-10 20:00,.2
285,합천,2024-12-10 21:00,.3
285,합천,2024-12-10 22:00,.1
285,합천,2024-12-10 23:00,.1
285,합천,2024-12-11 00:00,.7
288,밀양,2024-12-10 01:00,.1
288,밀양,2024-12-10 02:00,0
288,밀양,2024-12-10 03:00,0
288,밀양,2024-12-10 04:00,.1
288,밀양,2024-12-10 05:00,.1
288,밀양,2024-12-10 06:00,.1
288,밀양,2024-12-10 07:00,.1
288,밀양,2024-12-10 08:00,0
288,밀양,2024-12-10 09:00,.2
288,밀양,2024-12-10 10:00,.7
288,밀양,2024-12-10 11:00,.8
288,밀양,2024-12-10 12:00,.8
288,밀양,2024-12-10 13:00,1.3
288,밀양,2024-12-10 14:00,1
288,밀양,2024-12-10 15:00,2.1
288,밀양,2024-12-10 16:00,.8
288,밀양,2024-12-10 17:00,0
288,밀양,2024-12-10 18:00,0
288,밀양,2024-12-10 19:00,0
288,밀양,2024-12-10 20:00,.4
288,밀양,2024-12-10 21:00,.3
288,밀양,2024-12-10 22:00,.4
288,밀양,2024-12-10 23:00,.6
288,밀양,2024-12-11 00:00,0
289,산청,2024-12-10 01:00,2.3
289,산청,2024-12-10 02:00,1.8
289,산청,2024-12-10 03:00,2.1
289,산청,2024-12-10 04:00,2.2
289,산청,2024-12-10 05:00,2.6
289,산청,2024-12-10 06:00,2.9
289,산청,2024-12-10 07:00,3.1
289,산청,2024-12-10 08:00,1.9
289,산청,2024-12-10 09:00,3.3
289,산청,2024-12-10 10:00,4.1
289,산청,2024-12-10 11:00,3.5
289,산청,2024-12-10 12:00,3
289,산청,2024-12-10 13:00,3.8
289,산청,2024-12-10 14:00,3.1
289,산청,2024-12-10 15:00,2.7
289,산청,2024-12-10 16:00,3.6
289,산청,2024-12-10 17:00,1.8
289,산청,2024-12-10 18:00,1.1
289,산청,2024-12-10 19:00,.5
289,산청,2024-12-10 20:00,.5
289,산청,2024-12-10 21:00,.4
289,산청,2024-12-10 22:00,.7
289,산청,2024-12-10 23:00,.3
289,산청,2024-12-11 00:00,.1
294,거제,2024-12-10 01:00,.1
294,거제,2024-12-10 02:00,.2
294,거제,2024-12-10 03:00,.2
294,거제,2024-12-10 04:00,0
294,거제,2024-12-10 05:00,.1
294,거제,2024-12-10 06:00,.4
294,거제,2024-12-10 07:00,.2
294,거제,2024-12-10 08:00,1.6
294,거제,2024-12-10 09:00,2.3
294,거제,2024-12-10 10:00,1.7
294,거제,2024-12-10 11:00,3.2
294,거제,2024-12-10 12:00,3
294,거제,2024-12-10 13:00,2
294,거제,2024-12-10 14:00,2
294,거제,2024-12-10 15:00,1.6
294,거제,2024-12-10 16:00,.9
294,거제,2024-12-10 17:00,.5
294,거제,2024-12-10 18:00,.4
294,거제,2024-12-10 19:00,.8
294,거제,2024-12-10 20:00,.6
294,거제,2024-12-10 21:00,.5
294,거제,2024-12-10 22:00,.4
294,거제,2024-12-10 23:00,.2
294,거제,2024-12-11 00:00,.6
295,남해,2024-12-10 01:00,1.3
295,남해,2024-12-10 02:00,.9
295,남해,2024-12-10 03:00,1.1
295,남해,2024-12-10 04:00,1.4
295,남해,2024-12-10 05:00,1.2
295,남해,2024-12-10 06:00,.9
295,남해,2024-12-10 07:00,.8
295,남해,2024-12-10 08:00,1.4
295,남해,2024-12-10 09:00,.5
295,남해,2024-12-10 10:00,1.4
295,남해,2024-12-10 11:00,1.1
295,남해,2024-12-10 12:00,1.2
295,남해,2024-12-10 13:00,1
295,남해,2024-12-10 14:00,1
295,남해,2024-12-10 15:00,.7
295,남해,2024-12-10 16:00,.3
295,남해,2024-12-10 17:00,1
295,남해,2024-12-10 18:00,1.4
295,남해,2024-12-10 19:00,.8
295,남해,2024-12-10 20:00,.1
295,남해,2024-12-10 21:00,.8
295,남해,2024-12-10 22:00,1.6
295,남해,2024-12-10 23:00,1.6
295,남해,2024-12-11 00:00,1.2
296,북부산,2024-12-10 01:00,.8
296,북부산,2024-12-10 02:00,.9
296,북부산,2024-12-10 03:00,1.3
296,북부산,2024-12-10 04:00,.4
296,북부산,2024-12-10 05:00,1
296,북부산,2024-12-10 06:00,.5
296,북부산,2024-12-10 07:00,.8
296,북부산,2024-12-10 08:00,1.8
296,북부산,2024-12-10 09:00,1.6
296,북부산,2024-12-10 10:00,2.8
296,북부산,2024-12-10 11:00,2.4
296,북부산,2024-12-10 12:00,1.7
296,북부산,2024-12-10 13:00,.7
296,북부산,2024-12-10 14:00,1.9
296,북부산,2024-12-10 15:00,1.2
296,북부산,2024-12-10 16:00,1.7
296,북부산,2024-12-10 17:00,1.6
296,북부산,2024-12-10 18:00,1
296,북부산,2024-12-10 19:00,.3
296,북부산,2024-12-10 20:00,1.6
296,북부산,2024-12-10 21:00,.7
296,북부산,2024-12-10 22:00,.4
296,북부산,2024-12-10 23:00,.2
296,북부산,2024-12-11 00:00,0
